time,latitude,longitude,depth,mag,magType,nst,gap,dmin,rms,net,id,updated,place,type,horizontalError,depthError,magError,magNst,status,locationSource,magSource
2020-07-12T20:18:30.060Z,19.4496666666667,-155.826,8.56,1.63,md,46,101,,0.19,hv,hv72041427,2020-07-14T02:30:19.350Z,"Island of Hawaii, Hawaii",earthquake,0.4,0.35,0.0933539060253934,22,reviewed,hv,hv
2020-07-06T23:11:16.930Z,19.489,-155.722,8.45,1.55,md,40,139,,0.12,hv,hv72033547,2020-07-14T02:31:11.750Z,"15 km ENE of Honaunau-Napoopoo, Hawaii",earthquake,0.44,0.27,0.160670250118348,18,reviewed,hv,hv
2020-05-21T04:55:29.940Z,19.4566669,-155.7016602,7.11,1.85,md,38,142,0.04742,0.21,hv,hv71520947,2020-05-21T04:58:32.020Z,"17km E of Honaunau-Napoopoo, Hawaii",earthquake,0.52,0.55,0.21,13,automatic,hv,hv
2020-05-02T18:47:13.330Z,19.4363327,-155.8061676,10.06,1.78,md,20,230,0.1187,0.22,hv,hv71496932,2020-05-02T18:50:28.930Z,"6km ESE of Honaunau-Napoopoo, Hawaii",earthquake,1.07,0.39,0.2,7,automatic,hv,hv
2020-04-21T07:07:47.930Z,19.5521667,-155.7085,7.75,2.42,ml,56,97,0.0479,0.18,hv,hv71483447,2020-07-09T14:31:39.040Z,"20km NE of Honaunau-Napoopoo, Hawaii",earthquake,0.38,0.31,0.178,27,reviewed,hv,hv
2020-04-10T22:14:08.750Z,19.3955002,-155.8453369,9.51,1.75,md,25,241,0.1727,0.14,hv,hv71468137,2020-04-10T22:17:07.180Z,"7km SSE of Honaunau-Napoopoo, Hawaii",earthquake,1.41,0.55,0.08,8,automatic,hv,hv
2020-03-17T17:16:35.240Z,19.3695,-155.8273333,10.32,1.64,md,39,144,0.1128,0.16,hv,hv71433892,2020-03-17T23:06:18.480Z,"10km SSE of Honaunau-Napoopoo, Hawaii",earthquake,0.52,0.28,0.146,19,reviewed,hv,hv
2020-03-16T16:53:08.640Z,19.2915001,-155.7944946,9.23,1.83,md,41,94,0.07585,0.23,hv,hv71432257,2020-03-16T16:56:25.960Z,"19km SSE of Honaunau-Napoopoo, Hawaii",earthquake,0.63,0.43,0.21,8,automatic,hv,hv
2020-03-15T07:24:04.770Z,19.3208333,-155.8028333,8.78,2.41,ml,47,99,0.08481,0.1,hv,hv71429197,2020-05-30T22:17:09.040Z,"18km SSE of Honaunau-Napoopoo, Hawaii",earthquake,0.36,0.33,0.114,23,reviewed,hv,hv
2020-03-11T12:52:09.450Z,19.3035,-155.8188333,11.01,2.36,ml,43,103,0.06207,0.15,hv,hv71422197,2020-03-11T20:11:14.630Z,"17km SSE of Honaunau-Napoopoo, Hawaii",earthquake,0.42,0.3,0.139,17,reviewed,hv,hv
2020-02-28T23:33:50.290Z,19.4991667,-155.768,8.23,2.45,ml,49,63,0.06177,0.17,hv,hv71405067,2020-05-19T22:14:10.040Z,"12km ENE of Honaunau-Napoopoo, Hawaii",earthquake,0.32,0.29,0.181,17,reviewed,hv,hv
2020-02-17T06:45:33.170Z,19.567,-155.6881667,7.24,2.17,ml,49,48,0.04891,0.17,hv,hv71386697,2020-02-18T21:33:13.930Z,"22km ENE of Honaunau-Napoopoo, Hawaii",earthquake,0.36,0.42,0.234,19,reviewed,hv,hv
2020-01-03T23:16:56.420Z,19.328,-155.8103333,9.59,1.87,md,39,107,0.08499,0.12,hv,hv71317017,2020-03-21T17:13:18.040Z,"16km SSE of Honaunau-Napoopoo, Hawaii",earthquake,0.24,0.34,0.15,17,reviewed,hv,hv
2019-12-16T07:01:42.650Z,19.423,-155.847,7.56,2.18,ml,43,72,0.03212,0.18,hv,hv71280431,2019-12-17T01:08:02.040Z,"4km SSE of Honaunau-Napoopoo, Hawaii",earthquake,0.33,0.41,0.126,18,reviewed,hv,hv
2019-11-27T18:07:57.550Z,19.3296667,-155.8113333,9.45,2.54,ml,41,164,0.1089,0.15,hv,hv71253276,2020-02-19T18:58:13.040Z,"15km SSE of Honaunau-Napoopoo, Hawaii",earthquake,0.47,0.4,0.154,23,reviewed,hv,hv
2019-10-08T04:38:09.560Z,19.4911667,-155.724,8.28,1.07,md,14,259,0.02395,0.1,hv,hv71171151,2019-10-10T01:26:44.560Z,"15km ENE of Honaunau-Napoopoo, Hawaii",earthquake,0.88,0.79,0.063,6,reviewed,hv,hv
2019-09-30T02:32:01.540Z,19.3585,-155.8295,12.29,2.36,ml,41,119,0.07569,0.11,hv,hv71157096,2019-12-20T19:03:55.040Z,"11km SSE of Honaunau-Napoopoo, Hawaii",earthquake,0.39,0.32,0.215,26,reviewed,hv,hv
2019-09-27T19:01:22.850Z,19.3626667,-155.8333333,12.08,2,md,58,122,0.07019,0.13,hv,hv71153416,2019-12-20T19:03:25.040Z,"10km SSE of Honaunau-Napoopoo, Hawaii",earthquake,0.3,0.23,0.231,24,reviewed,hv,hv
2019-09-25T12:40:37.940Z,19.5556667,-155.6953333,8.1,1.99,ml,55,54,0.05048,0.12,hv,hv71149841,2019-09-25T22:57:44.650Z,"20km ENE of Honaunau-Napoopoo, Hawaii",earthquake,0.38,0.23,0.278,8,reviewed,hv,hv
2019-08-21T00:06:27.260Z,19.5345001,-155.7136688,7.57,1.7,md,22,219,0.03174,0.14,hv,hv71098782,2019-08-21T00:09:36.480Z,"18km ENE of Honaunau-Napoopoo, Hawaii",earthquake,0.8,0.67,0.12,5,automatic,hv,hv
2019-08-20T22:49:34.290Z,19.459,-155.728,8.66,2.25,ml,36,51,0.051,0.12,hv,hv71098732,2019-08-21T19:20:23.030Z,"14km E of Honaunau-Napoopoo, Hawaii",earthquake,0.25,0.33,0.216,22,reviewed,hv,hv
2019-08-06T00:42:16.070Z,19.3593333,-155.8326667,10.79,1.67,md,47,128,0.1015,0.19,hv,hv71074007,2019-08-06T02:21:25.170Z,"11km SSE of Honaunau-Napoopoo, Hawaii",earthquake,0.44,0.25,0.098,20,reviewed,hv,hv
2019-07-23T19:19:03.170Z,19.56,-155.6763333,8.02,2.49,ml,44,84,0.03575,0.14,hv,hv71057277,2019-10-11T20:12:23.040Z,"22km ENE of Honaunau-Napoopoo, Hawaii",earthquake,0.38,0.28,0.201,23,reviewed,hv,hv
2019-07-12T16:26:53.070Z,19.4901667,-155.8061667,9.89,2.19,ml,49,44,0.09858,0.13,hv,hv71043927,2019-07-12T21:24:13.320Z,"7km ENE of Honaunau-Napoopoo, Hawaii",earthquake,0.32,0.32,0.099,12,reviewed,hv,hv
2019-07-12T15:58:05.060Z,19.4923333,-155.8046667,9.68,2.24,ml,49,52,0.09689,0.13,hv,hv71043897,2019-07-12T21:01:01.840Z,"7km ENE of Honaunau-Napoopoo, Hawaii",earthquake,0.33,0.36,0.106,14,reviewed,hv,hv
2019-07-07T22:57:10.330Z,19.5279999,-155.7128296,8.13,1.86,md,33,80,0.0254,0.17,hv,hv71037802,2019-07-07T23:00:24.220Z,"17km ENE of Honaunau-Napoopoo, Hawaii",earthquake,0.65,0.39,0.17,13,automatic,hv,hv
2019-07-06T03:37:53.270Z,19.3806667,-155.8076667,10.75,2.04,ml,38,109,0.1304,0.16,hv,hv71035367,2019-07-10T00:59:52.310Z,"10km SE of Honaunau-Napoopoo, Hawaii",earthquake,0.38,0.38,0.192,7,reviewed,hv,hv
2019-06-25T18:52:02.870Z,19.5048333,-155.7278333,8.26,2.1,ml,50,97,0.02368,0.14,hv,hv71009706,2019-06-29T01:26:04.080Z,"15km ENE of Honaunau-Napoopoo, Hawaii",earthquake,0.34,0.17,0.137,10,reviewed,hv,hv
2019-06-19T19:17:40.500Z,19.5466671,-155.7480011,8.22,1.75,md,23,172,0.05997,0.33,hv,hv71000626,2019-06-19T19:20:45.890Z,"15km NE of Honaunau-Napoopoo, Hawaii",earthquake,1.08,0.62,0.09,5,automatic,hv,hv
2019-06-15T09:57:39.570Z,19.489666,-155.8121643,9.67,1.86,md,29,100,0.09918,0.24,hv,hv70995901,2019-06-15T10:01:00.750Z,"6km NE of Honaunau-Napoopoo, Hawaii",earthquake,0.73,0.68,0.12,5,automatic,hv,hv
2019-06-02T21:32:58.160Z,19.4853333,-155.693,8.01,2.77,ml,58,54,0.02101,0.12,hv,hv70979386,2019-08-24T21:17:51.040Z,"18km E of Honaunau-Napoopoo, Hawaii",earthquake,0.25,0.22,0.186,33,reviewed,hv,hv
2019-05-25T09:01:55.160Z,19.5508333,-155.842,10.11,1.68,md,50,60,0.07788,0.17,hv,hv70968216,2019-05-28T18:51:32.480Z,"9km E of Honalo, Hawaii",earthquake,0.31,0.29,0.062,22,reviewed,hv,hv
2019-05-20T15:12:46.140Z,19.5708333,-155.6836667,7.59,1.48,md,43,88,0.04761,0.12,hv,hv70961181,2019-05-21T23:59:23.200Z,"22km NE of Honaunau-Napoopoo, Hawaii",earthquake,0.33,0.33,0.132,20,reviewed,hv,hv
2019-05-08T18:05:33.200Z,19.5569992,-155.6933289,7.97,1.72,md,35,124,0.04908,0.22,hv,hv70942236,2019-05-08T18:08:40.410Z,"21km ENE of Honaunau-Napoopoo, Hawaii",earthquake,0.52,0.45,0.17,6,automatic,hv,hv
2019-04-14T15:26:21.040Z,19.5248333,-155.6953333,7.33,2.02,ml,43,45,0.02157,0.14,hv,hv70907971,2019-04-15T19:16:08.420Z,"19km ENE of Honaunau-Napoopoo, Hawaii",earthquake,0.3,0.42,0.033,4,reviewed,hv,hv
2019-04-08T15:00:12.370Z,19.3348331,-155.7904968,10.4,1.76,md,36,127,0.1028,0.17,hv,hv70898846,2019-04-08T15:03:24.950Z,"15km SSE of Honaunau-Napoopoo, Hawaii",earthquake,0.95,0.48,0.13,7,automatic,hv,hv
2019-03-29T20:21:55.860Z,19.5246667,-155.8376667,10.35,1.39,md,21,115,0.08355,0.17,hv,hv70882711,2019-03-29T20:41:29.840Z,"8km NNE of Honaunau-Napoopoo, Hawaii",earthquake,0.41,0.42,0.129,10,reviewed,hv,hv
2019-03-10T11:59:33.380Z,19.2981663,-155.7733307,7.42,1.7,md,28,136,0.09688,0.15,hv,hv70859012,2019-03-10T12:02:54.820Z,"19km SSE of Honaunau-Napoopoo, Hawaii",earthquake,0.58,0.74,0.09,6,automatic,hv,hv
2019-03-07T22:39:07.300Z,19.3050003,-155.8116608,7.36,1.81,md,19,124,0.06829,0.13,hv,hv70854957,2019-03-07T22:42:20.330Z,"17km SSE of Honaunau-Napoopoo, Hawaii",earthquake,0.61,0.9,0.01,4,automatic,hv,hv
2019-01-14T20:17:47.590Z,19.3661667,-155.8376667,10.52,2.41,ml,50,125,0.06491,0.17,hv,hv70769761,2019-01-14T21:39:45.630Z,"10km SSE of Honaunau-Napoopoo, Hawaii",earthquake,0.3,0.25,0.169,27,reviewed,hv,hv
2019-01-01T23:44:24.390Z,19.448,-155.8435,9.63,1.88,ml,43,81,0.04642,0.16,hv,hv70754156,2019-01-03T02:01:02.430Z,"2km ESE of Honaunau-Napoopoo, Hawaii",earthquake,0.35,0.3,0.165,7,reviewed,hv,hv
2018-12-13T13:14:49.660Z,19.3645,-155.8333333,10.95,2.25,ml,40,121,0.06879,0.18,hv,hv70729826,2019-02-16T22:29:07.040Z,"10km SSE of Honaunau-Napoopoo, Hawaii",earthquake,0.36,0.35,0.261,15,reviewed,hv,hv
2018-11-28T18:47:44.120Z,19.3444996,-155.8321686,9.32,1.71,md,21,156,0.08798,0.13,hv,hv70709851,2018-11-28T18:50:52.270Z,"12km SSE of Honaunau-Napoopoo, Hawaii",earthquake,0.62,0.47,0.01,3,automatic,hv,hv
2018-11-16T19:40:01.700Z,19.4213333,-155.7763333,10.99,2.13,ml,44,58,0.09838,0.15,hv,hv70692801,2018-11-16T20:33:56.750Z,"10km ESE of Honaunau-Napoopoo, Hawaii",earthquake,0.26,0.25,0.144,16,reviewed,hv,hv
2018-10-29T22:30:46.600Z,19.3388329,-155.8190002,9.67,1.76,md,26,145,0.08879,0.16,hv,hv70675257,2018-10-29T22:34:08.450Z,"13km SSE of Honaunau-Napoopoo, Hawaii",earthquake,0.63,0.44,0.1,5,automatic,hv,hv
2018-10-24T22:35:15.600Z,19.4883327,-155.7688293,8.29,1.78,md,25,222,0.06434,0.17,hv,hv70669452,2018-10-24T22:38:31.210Z,"10km ENE of Honaunau-Napoopoo, Hawaii",earthquake,0.88,0.41,0.15,8,automatic,hv,hv
2018-10-20T00:51:02.400Z,19.4468333,-155.8461667,13,2.46,ml,47,74,0.04377,0.12,hv,hv70662687,2018-12-21T22:27:07.040Z,"2km ESE of Honaunau-Napoopoo, Hawaii",earthquake,0.34,0.25,0.148,34,reviewed,hv,hv
2018-09-21T15:45:16.800Z,19.5288334,-155.7039948,7.48,1.73,md,28,111,0.02441,0.17,hv,hv70603977,2018-09-21T15:48:25.440Z,"18km ENE of Honaunau-Napoopoo, Hawaii",earthquake,0.55,0.37,0.26,6,automatic,hv,hv
2018-09-19T05:54:01.730Z,19.5418339,-155.7453308,8.72,1.82,md,28,173,0.05483,0.19,hv,hv70599477,2018-09-19T05:57:23.800Z,"15km NE of Honaunau-Napoopoo, Hawaii",earthquake,0.77,0.43,0.03,3,automatic,hv,hv
2018-08-08T08:30:20.240Z,19.4348333,-155.85,9.7,1.62,md,27,84,0.03368,0.17,hv,hv70530007,2018-11-14T00:01:59.650Z,"2km SSE of Honaunau-Napoopoo, Hawaii",earthquake,0.29,0.36,0.074,15,reviewed,hv,hv
2018-08-08T06:52:38.950Z,19.4383335,-155.8383331,9.79,1.72,md,21,170,0.1438,0.2,hv,hv70529902,2018-08-08T06:55:51.630Z,"3km SE of Honaunau-Napoopoo, Hawaii",earthquake,0.96,0.5,0.01,5,automatic,hv,hv
2018-08-01T07:16:18.140Z,19.5226667,-155.724,8.02,1.2,md,18,103,0.02711,0.13,hv,hv70506392,2018-08-02T00:56:35.810Z,"16km ENE of Honaunau-Napoopoo, Hawaii",earthquake,0.51,0.61,0.111,9,reviewed,hv,hv
2018-07-19T08:01:29.610Z,19.4193325,-155.661499,11.22,2.18,ml,7,250,0.036,0.32,hv,hv70444477,2018-07-19T08:07:08.690Z,"21km E of Honaunau-Napoopoo, Hawaii",earthquake,2.17,1.43,4.41,7,automatic,hv,hv
2018-07-17T06:10:04.180Z,19.481,-155.7758333,11.79,2.23,ml,23,137,0.07275,0.14,hv,hv70434497,2019-01-30T02:31:08.010Z,"9km ENE of Honaunau-Napoopoo, Hawaii",earthquake,0.45,0.42,0.015,6,reviewed,hv,hv
2018-07-10T23:45:03.280Z,19.4518333,-155.7028333,10.8,2.73,ml,14,122,0.05222,0.09,hv,hv70394631,2018-10-02T16:40:33.040Z,"17km E of Honaunau-Napoopoo, Hawaii",earthquake,0.53,0.73,0.148,10,reviewed,hv,hv
2018-07-03T12:15:32.400Z,19.3041668,-155.8046722,8.1,2.96,ml,12,148,0.07318,0.19,hv,hv70357796,2018-07-03T12:21:15.580Z,"17km SSE of Honaunau-Napoopoo, Hawaii",earthquake,0.85,2.88,0.51,3,automatic,hv,hv
2018-06-05T03:56:28.150Z,19.5588333,-155.7263333,11.07,1.29,md,12,118,0.05861,0.11,hv,hv70233472,2018-06-08T01:25:25.270Z,"18km NE of Honaunau-Napoopoo, Hawaii",earthquake,0.73,0.86,0.026,6,reviewed,hv,hv
2018-05-25T00:35:50.700Z,19.2606659,-155.7896729,8.21,1.79,md,14,115,0.07508,0.22,hv,hv70188572,2018-05-25T00:39:09.720Z,"21km N of Hawaiian Ocean View, Hawaii",earthquake,0.73,1.01,0.1,3,automatic,hv,hv
2018-05-22T18:12:31.610Z,19.5211667,-155.6946667,8.57,1.14,md,9,222,0.01841,0.05,hv,hv70181832,2018-05-22T18:36:22.610Z,"19km ENE of Honaunau-Napoopoo, Hawaii",earthquake,0.87,0.94,0.029,5,reviewed,hv,hv
2018-05-18T18:45:45.590Z,19.5101662,-155.818161,11.31,2.08,ml,17,182,0.0961,0.13,hv,hv70170822,2018-05-18T18:51:20.080Z,"7km NE of Honaunau-Napoopoo, Hawaii",earthquake,0.78,0.48,5.08,3,automatic,hv,hv
2018-05-10T00:21:07.930Z,19.3128333,-155.6861667,11.98,1.69,md,18,60,0.04554,0.13,hv,hv70135676,2018-05-10T00:41:48.620Z,"24km SE of Honaunau-Napoopoo, Hawaii",earthquake,0.53,0.47,0.115,12,reviewed,hv,hv
2018-04-27T04:40:49.920Z,19.4776669,-155.7688293,9.04,1.9,md,27,71,0.06775,0.21,hv,hv70097376,2018-04-27T04:43:50.480Z,"10km ENE of Honaunau-Napoopoo, Hawaii",earthquake,0.52,0.66,0.2,12,automatic,hv,hv
2018-04-25T22:50:00.110Z,19.5133333,-155.7633333,8.59,1.63,md,35,62,0.05785,0.14,hv,hv70094971,2018-11-15T23:05:32.150Z,"13km NE of Honaunau-Napoopoo, Hawaii",earthquake,0.4,0.32,0.093,17,reviewed,hv,hv
2018-04-19T13:26:30.490Z,19.3145,-155.8111667,10.56,1.62,md,27,102,0.07475,0.16,hv,hv70085601,2018-04-21T01:20:46.580Z,"16km SSE of Honaunau-Napoopoo, Hawaii",earthquake,0.46,0.48,0.062,14,reviewed,hv,hv
2018-02-27T11:32:34.130Z,19.3551667,-155.834,11.82,1.66,md,24,130,0.09721,0.13,hv,hv70045607,2018-03-01T04:07:31.620Z,"11km SSE of Honaunau-Napoopoo, Hawaii",earthquake,0.42,0.4,0.066,13,reviewed,hv,hv
2018-02-20T09:53:39.720Z,19.4485,-155.8331667,10.72,1.69,md,44,106,0.08848,0.15,hv,hv70041482,2018-05-22T02:00:19.040Z,"3km ESE of Honaunau-Napoopoo, Hawaii",earthquake,0.44,0.35,0.107,20,reviewed,hv,hv
2018-02-06T07:00:01.550Z,19.522,-155.7236667,8.98,1.1,md,11,136,0.02644,0.1,hv,hv70029992,2018-02-07T00:06:01.400Z,"16km ENE of Honaunau-Napoopoo, Hawaii",earthquake,0.53,0.7,0.063,5,reviewed,hv,hv
2018-01-08T09:42:04.410Z,19.2348333,-155.8361667,13.67,1.54,md,14,183,0.04207,0.26,hv,hv70009197,2018-01-09T22:06:51.310Z,"19km NNW of Hawaiian Ocean View, Hawaii",earthquake,2.05,1.12,0.109,7,reviewed,hv,hv
2018-01-03T14:49:33.950Z,19.3143333,-155.7953333,8.45,1.39,md,17,158,0.08621,0.14,hv,hv70004777,2018-01-03T17:32:56.670Z,"17km SSE of Honaunau-Napoopoo, Hawaii",earthquake,0.64,1.34,0.091,8,reviewed,hv,hv
2017-12-15T22:04:17.330Z,19.4353333,-155.8396606,13.67,1.78,md,17,153,0.1463,0.2,hv,hv62008361,2017-12-15T22:07:25.970Z,"3km SE of Honaunau-Napoopoo, Hawaii",earthquake,0.48,0.5,0.05,4,automatic,hv,hv
2017-11-14T09:02:56.750Z,19.31,-155.824,9.674,1.46,md,22,111,,0.12,hv,hv61976231,2017-11-14T19:55:03.980Z,"16km SSE of Honaunau-Napoopoo, Hawaii",earthquake,0.44,0.74,0.115,14,reviewed,hv,hv
2017-11-09T18:39:27.900Z,19.5438333,-155.7196667,11.627,2.49,ml,44,77,,0.16,hv,hv61971871,2018-01-31T03:04:45.040Z,"18km ENE of Honaunau-Napoopoo, Hawaii",earthquake,0.48,0.35,0.226,15,reviewed,hv,hv
2017-11-08T04:01:02.180Z,19.5238333,-155.7216667,12.928,1.15,md,10,274,0.02637,0.09,hv,hv61970031,2017-11-08T18:49:20.070Z,"16km ENE of Honaunau-Napoopoo, Hawaii",earthquake,1.56,0.93,0.037,5,reviewed,hv,hv
2017-11-01T08:25:50.550Z,19.3315,-155.8051667,11.2,1.28,md,19,167,0.09082,0.11,hv,hv61963161,2017-11-02T03:28:18.200Z,"15km SSE of Honaunau-Napoopoo, Hawaii",earthquake,0.52,0.77,0.182,11,reviewed,hv,hv
2017-10-28T01:13:39.190Z,19.5093333,-155.711,15.067,1.08,md,13,159,0.009249,0.13,hv,hv61958131,2017-10-30T23:21:42.070Z,"17km ENE of Honaunau-Napoopoo, Hawaii",earthquake,0.71,0.7,0.043,5,reviewed,hv,hv
2017-10-23T01:35:03.120Z,19.2563333,-155.791,10.991,1.45,md,26,119,0.0741,0.16,hv,hv61953121,2017-10-24T01:45:12.440Z,"20km N of Hawaiian Ocean View, Hawaii",earthquake,0.44,0.71,0.149,13,reviewed,hv,hv
2017-10-04T00:30:49.100Z,19.5536667,-155.6385,11.424,1.47,md,31,125,0.01348,0.12,hv,hv61931706,2017-10-04T23:46:22.830Z,"26km ENE of Honaunau-Napoopoo, Hawaii",earthquake,0.35,0.41,0.059,15,reviewed,hv,hv
2017-09-25T23:43:19.970Z,19.5091667,-155.8261667,12.397,2.37,ml,39,90,0.08853,0.16,hv,hv61921341,2017-12-22T21:56:22.040Z,"7km NE of Honaunau-Napoopoo, Hawaii",earthquake,0.58,0.29,0.108,14,reviewed,hv,hv
2017-09-22T20:41:56.300Z,19.3121667,-155.8256667,8.904,1.43,md,24,113,0.06361,0.08,hv,hv61917256,2017-09-27T00:57:49.910Z,"16km SSE of Honaunau-Napoopoo, Hawaii",earthquake,0.35,0.93,0.121,14,reviewed,hv,hv
2017-09-07T04:37:16.090Z,19.561,-155.67,10.877,1.42,md,27,85,0.03144,0.15,hv,hv61899541,2017-09-07T21:48:23.740Z,"23km ENE of Honaunau-Napoopoo, Hawaii",earthquake,0.5,0.66,0.13,13,reviewed,hv,hv
2017-08-31T08:39:48.390Z,19.5,-155.702,11.705,1.33,md,15,101,0.004357,0.12,hv,hv61890056,2017-08-31T22:26:06.810Z,"17km ENE of Honaunau-Napoopoo, Hawaii",earthquake,0.49,0.83,0.187,13,reviewed,hv,hv
2017-08-27T01:27:56.530Z,19.489,-155.7183333,12.428,2.52,ml,16,102,0.02118,0.11,hv,hv61885116,2017-11-28T18:33:48.040Z,"15km ENE of Honaunau-Napoopoo, Hawaii",earthquake,0.51,0.95,0.14,18,reviewed,hv,hv
2017-08-26T23:19:22.630Z,19.3146667,-155.8226667,8.124,2.31,ml,35,112,0.06734,0.16,hv,hv61885026,2017-11-22T03:43:34.040Z,"16km SSE of Honaunau-Napoopoo, Hawaii",earthquake,0.33,0.71,0.133,12,reviewed,hv,hv
2017-08-26T19:40:17.560Z,19.4923333,-155.7006667,10.748,1.85,ml,16,84,0.01209,0.1,hv,hv61884641,2017-08-29T01:21:26.840Z,"17km ENE of Honaunau-Napoopoo, Hawaii",earthquake,0.47,0.72,0.176,5,reviewed,hv,hv
2017-08-25T16:21:42.240Z,19.282,-155.8015,9.537,1.42,md,22,97,0.06651,0.13,hv,hv61883171,2017-08-25T20:35:48.200Z,"20km SSE of Honaunau-Napoopoo, Hawaii",earthquake,0.42,0.8,0.131,12,reviewed,hv,hv
2017-08-25T07:14:22.070Z,19.4408333,-155.8396667,16.578,1.28,md,8,304,0.1438,0.08,hv,hv61882886,2017-08-25T20:37:51.380Z,"3km ESE of Honaunau-Napoopoo, Hawaii",earthquake,2.77,1.86,0.057,5,reviewed,hv,hv
2017-08-22T13:28:03.730Z,19.5138333,-155.683,10.407,1.05,md,18,71,0.02089,0.1,hv,hv61879711,2017-08-22T23:36:48.050Z,"20km ENE of Honaunau-Napoopoo, Hawaii",earthquake,0.43,0.67,0.19,9,reviewed,hv,hv
2017-08-16T08:17:32.320Z,19.5708333,-155.6693333,11.645,1.14,md,16,133,0.03794,0.1,hv,hv61872121,2017-08-18T01:49:45.480Z,"24km ENE of Honaunau-Napoopoo, Hawaii",earthquake,0.66,0.79,0.143,7,reviewed,hv,hv
2017-08-14T14:31:33.820Z,19.4130001,-155.7256622,10.41,1.7,md,31,76,0.0826,0.23,hv,hv61869621,2017-08-14T14:34:39.180Z,"15km ESE of Honaunau-Napoopoo, Hawaii",earthquake,0.45,0.88,0.01,9,automatic,hv,hv
2017-08-10T05:27:02.020Z,19.4723333,-155.7061667,11.415,1.41,md,26,87,0.03199,0.1,hv,hv61865136,2017-08-10T18:04:49.090Z,"16km E of Honaunau-Napoopoo, Hawaii",earthquake,0.38,0.51,0.081,10,reviewed,hv,hv
2017-08-10T05:06:18.190Z,19.2498333,-155.7861667,9.041,1.41,md,26,173,0.07948,0.17,hv,hv61865126,2017-08-11T00:32:02.700Z,"20km N of Hawaiian Ocean View, Hawaii",earthquake,0.69,0.87,0.126,12,reviewed,hv,hv
2017-08-09T20:31:00.240Z,19.5611667,-155.685,11.047,1.49,md,40,93,0.04345,0.13,hv,hv61864741,2017-08-10T04:29:25.170Z,"22km ENE of Honaunau-Napoopoo, Hawaii",earthquake,0.36,0.35,0.123,18,reviewed,hv,hv
2017-08-06T10:27:24.680Z,19.4661667,-155.6751667,15.523,1.38,md,5,121,0.04602,0.2,hv,hv61857846,2017-08-08T02:40:02.980Z,"19km E of Honaunau-Napoopoo, Hawaii",earthquake,1.96,1.13,0.305,3,reviewed,hv,hv
2017-07-16T15:12:54.500Z,19.3776667,-155.8478333,15.672,1.58,md,23,139,0.1155,0.12,hv,hv61837276,2017-07-17T04:52:01.240Z,"8km SSE of Honaunau-Napoopoo, Hawaii",earthquake,0.58,0.82,0.102,14,reviewed,hv,hv
2017-07-07T22:41:53.290Z,19.4763333,-155.7295,10.508,2.16,ml,28,67,0.03758,0.15,hv,hv61826881,2017-07-13T21:56:26.540Z,"14km E of Honaunau-Napoopoo, Hawaii",earthquake,0.44,0.69,0.1,7,reviewed,hv,hv
2017-07-07T22:14:42.340Z,19.4725,-155.7326667,11.208,3.04,ml,48,64,0.04242,0.16,hv,hv61826846,2017-10-03T00:47:54.040Z,"13km E of Honaunau-Napoopoo, Hawaii",earthquake,0.37,0.37,0.156,27,reviewed,hv,hv
2017-07-07T21:58:57.700Z,19.4913333,-155.7371667,11.948,2.12,ml,29,115,0.03495,0.14,hv,hv61826826,2017-07-13T21:33:33.900Z,"13km ENE of Honaunau-Napoopoo, Hawaii",earthquake,0.39,0.48,0.097,9,reviewed,hv,hv
2017-07-06T18:59:31.860Z,19.4978333,-155.6995,12.748,1.08,md,12,131,0.007143,0.06,hv,hv61825626,2017-07-09T22:10:39.300Z,"17km ENE of Honaunau-Napoopoo, Hawaii",earthquake,0.51,0.76,0.12,6,reviewed,hv,hv
2017-06-27T10:44:12.670Z,19.4680004,-155.7044983,10.15,1.77,ml,29,58,0.03617,0.16,hv,hv61814316,2017-06-27T10:49:55.870Z,"16km E of Honaunau-Napoopoo, Hawaii",earthquake,0.34,0.59,0.15,3,automatic,hv,hv
2017-06-05T06:03:38.810Z,19.5155,-155.758,11.288,1.46,md,24,94,0.0533,0.17,hv,hv61787021,2017-06-06T02:19:21.080Z,"12km ENE of Honaunau-Napoopoo, Hawaii",earthquake,0.54,0.71,0.121,11,reviewed,hv,hv
2017-05-30T00:07:29.760Z,19.5223333,-155.7111667,11.867,1.38,ml,13,136,0.0196,0.13,hv,hv61777221,2017-05-31T02:50:39.430Z,"17km ENE of Honaunau-Napoopoo, Hawaii",earthquake,0.54,0.81,0.196,2,reviewed,hv,hv
2017-05-22T17:51:16.640Z,19.4511667,-155.8328333,12.593,1.77,md,37,104,0.08763,0.14,hv,hv61765661,2017-08-10T01:33:58.040Z,"3km E of Honaunau-Napoopoo, Hawaii",earthquake,0.44,0.38,0.137,18,reviewed,hv,hv
2017-05-22T14:38:37.160Z,19.4998341,-155.8428345,11.39,1.87,md,26,122,0.07123,0.22,hv,hv61765456,2017-05-22T14:41:56.290Z,"5km NNE of Honaunau-Napoopoo, Hawaii",earthquake,0.55,0.53,0.1,10,automatic,hv,hv
2017-05-16T11:34:47.740Z,19.4676667,-155.721,8.588,1.98,ml,33,77,0.04033,0.17,hv,hv61753126,2017-05-18T03:57:35.610Z,"15km E of Honaunau-Napoopoo, Hawaii",earthquake,0.41,0.92,0.13,7,reviewed,hv,hv
2017-05-12T01:14:53.370Z,19.379,-155.6705,7.672,2.08,ml,7,273,0.04688,0.08,hv,hv60241383,2017-05-12T21:31:22.370Z,"22km ESE of Honaunau-Napoopoo, Hawaii",earthquake,1.18,2.37,0.108,5,reviewed,hv,hv
2017-04-21T05:58:58.540Z,19.533,-155.7038333,11.087,1.33,md,30,115,0.02855,0.16,hv,hv61707221,2017-04-22T00:24:40.510Z,"18km ENE of Honaunau-Napoopoo, Hawaii",earthquake,0.54,0.44,0.179,15,reviewed,hv,hv
2017-04-16T18:50:44.480Z,19.527,-155.7348333,12.601,1.2,md,6,138,0.03775,0.09,hv,hv61700241,2017-04-17T23:21:41.310Z,"15km ENE of Honaunau-Napoopoo, Hawaii",earthquake,0.82,0.95,0.04,3,reviewed,hv,hv
2017-04-16T03:11:29.000Z,19.4771667,-155.6416667,7.235,2.88,ml,41,59,0.04275,0.14,hv,hv61698791,2017-07-11T01:48:32.040Z,"23km E of Honaunau-Napoopoo, Hawaii",earthquake,0.26,0.55,0.194,37,reviewed,hv,hv
2017-04-15T15:07:41.310Z,19.4818333,-155.6488333,7.985,1.9,ml,15,107,0.04889,0.1,hv,hv61697656,2017-04-18T01:25:44.970Z,"22km E of Honaunau-Napoopoo, Hawaii",earthquake,0.38,0.87,0.024,5,reviewed,hv,hv
2017-04-15T14:05:27.830Z,19.4833333,-155.6448333,7.505,2.06,ml,16,83,0.04504,0.11,hv,hv61697626,2017-04-18T22:54:17.680Z,"23km E of Honaunau-Napoopoo, Hawaii",earthquake,0.35,0.8,0.145,8,reviewed,hv,hv
2017-04-15T06:13:05.480Z,19.4698333,-155.6728333,11.428,1.08,md,16,78,0.04442,0.08,hv,hv61697021,2017-04-18T00:35:16.270Z,"20km E of Honaunau-Napoopoo, Hawaii",earthquake,0.48,0.78,0.182,8,reviewed,hv,hv
2017-04-13T04:43:57.980Z,19.536,-155.6661667,11.002,1.08,md,8,151,0.0215,0.07,hv,hv61693961,2017-04-18T22:01:29.700Z,"22km ENE of Honaunau-Napoopoo, Hawaii",earthquake,0.96,0.72,0.04,3,reviewed,hv,hv
2017-04-13T04:41:47.160Z,19.5313333,-155.6691667,11.197,1.12,md,14,141,0.02565,0.09,hv,hv60240888,2020-07-06T20:12:38.520Z,"22km ENE of Honaunau-Napoopoo, Hawaii",earthquake,0.61,0.54,0.049,5,reviewed,hv,hv
2017-04-13T04:41:24.650Z,19.5336667,-155.6676667,11.157,1.08,md,19,114,0.02351,0.1,hv,hv61693956,2017-04-15T00:46:55.320Z,"22km ENE of Honaunau-Napoopoo, Hawaii",earthquake,0.5,0.62,0.133,8,reviewed,hv,hv
2017-04-10T15:27:39.420Z,19.4773333,-155.6378333,7.365,2.15,ml,18,81,0.03917,0.14,hv,hv61689146,2017-07-05T18:09:55.040Z,"23km E of Honaunau-Napoopoo, Hawaii",earthquake,0.39,0.94,0.195,9,reviewed,hv,hv
2017-04-10T06:45:00.930Z,19.4796667,-155.6425,7.985,1.38,md,14,104,0.04314,0.11,hv,hv61688256,2017-04-17T21:07:32.650Z,"23km E of Honaunau-Napoopoo, Hawaii",earthquake,0.39,0.89,0.085,13,reviewed,hv,hv
2017-04-09T08:11:20.220Z,19.4823333,-155.6451667,8.165,2.09,ml,14,103,0.0454,0.11,hv,hv61686746,2017-04-12T23:16:03.970Z,"23km E of Honaunau-Napoopoo, Hawaii",earthquake,0.43,0.86,0.122,7,reviewed,hv,hv
2017-04-09T05:03:07.960Z,19.4811667,-155.6461667,7.325,1.04,md,25,69,0.04643,0.15,hv,hv61686521,2017-04-10T22:16:12.680Z,"23km E of Honaunau-Napoopoo, Hawaii",earthquake,0.36,0.77,0.319,10,reviewed,hv,hv
2017-04-08T14:11:28.810Z,19.4755,-155.6426667,7.905,3.23,ml,60,47,0.04401,0.14,hv,hv61684461,2017-06-23T07:26:36.040Z,"23km E of Honaunau-Napoopoo, Hawaii",earthquake,0.24,0.38,0.191,37,reviewed,hv,hv
2017-04-08T13:51:37.780Z,19.4848333,-155.6496667,8.015,2.26,ml,16,95,0.04956,0.09,hv,hv61684441,2017-04-08T19:05:12.000Z,"22km E of Honaunau-Napoopoo, Hawaii",earthquake,0.46,0.9,0.111,11,reviewed,hv,hv
2017-04-08T13:50:10.050Z,19.4828333,-155.6456667,8.355,2.26,ml,16,84,0.04584,0.11,hv,hv61684436,2017-04-08T18:58:06.970Z,"23km E of Honaunau-Napoopoo, Hawaii",earthquake,0.39,0.82,0.177,8,reviewed,hv,hv
2017-04-08T13:47:52.740Z,19.4805,-155.643,7.875,2.43,md,16,82,0.04352,0.12,hv,hv61684426,2017-06-23T07:26:36.040Z,"23km E of Honaunau-Napoopoo, Hawaii",earthquake,0.42,0.85,0.045,7,reviewed,hv,hv
2017-04-08T13:16:23.640Z,19.4825,-155.645,7.745,2.32,ml,17,83,0.04523,0.12,hv,hv61684346,2017-04-12T23:28:46.940Z,"23km E of Honaunau-Napoopoo, Hawaii",earthquake,0.36,0.91,0.189,15,reviewed,hv,hv
2017-04-04T10:58:54.380Z,19.4835,-155.6468333,7.655,2.24,ml,19,70,0.04692,0.11,hv,hv61677166,2017-04-11T23:48:00.300Z,"23km E of Honaunau-Napoopoo, Hawaii",earthquake,0.34,0.83,0.074,5,reviewed,hv,hv
2017-03-31T12:24:36.310Z,19.4363333,-155.8471667,13.803,1.92,md,20,121,0.08367,0.11,hv,hv61670431,2017-06-16T23:08:05.040Z,"2km SE of Honaunau-Napoopoo, Hawaii",earthquake,0.57,0.47,0.187,10,reviewed,hv,hv
2017-03-26T10:05:05.190Z,19.473,-155.802,12.049,2.71,ml,24,81,0.09869,0.16,hv,hv61662256,2017-06-16T23:07:57.040Z,"6km ENE of Honaunau-Napoopoo, Hawaii",earthquake,0.51,0.65,0.168,10,reviewed,hv,hv
2017-03-09T07:06:21.720Z,19.2583333,-155.8046667,10.851,1.53,md,34,121,0.06107,0.12,hv,hv61635721,2017-03-10T22:00:04.020Z,"21km N of Hawaiian Ocean View, Hawaii",earthquake,0.5,0.36,0.13,18,reviewed,hv,hv
2017-03-08T01:48:43.010Z,19.5105,-155.759,13.248,1.17,md,12,125,0.05342,0.12,hv,hv61633716,2017-03-09T02:44:37.130Z,"12km ENE of Honaunau-Napoopoo, Hawaii",earthquake,0.66,0.56,0.062,3,reviewed,hv,hv
2017-03-05T02:28:59.550Z,19.4211667,-155.77,11.45,1.59,md,44,85,0.1043,0.18,hv,hv61628976,2017-03-09T00:06:02.590Z,"10km ESE of Honaunau-Napoopoo, Hawaii",earthquake,0.46,0.41,0.146,21,reviewed,hv,hv
2017-03-03T09:45:30.430Z,19.2775,-155.6995,8.641,1.42,md,40,62,0.08272,0.13,hv,hv61626921,2017-03-03T20:16:55.590Z,"24km NNE of Hawaiian Ocean View, Hawaii",earthquake,0.34,0.95,0.11,17,reviewed,hv,hv
2017-02-23T23:58:10.120Z,19.3069992,-155.8249969,10.59,1.78,md,28,135,0.06021,0.21,hv,hv61617921,2017-02-24T00:01:25.820Z,"17km SSE of Honaunau-Napoopoo, Hawaii",earthquake,0.52,0.62,0.08,8,automatic,hv,hv
2017-02-21T16:42:39.550Z,19.366,-155.8493333,13.79,1.47,md,23,159,0.1039,0.15,hv,hv61615136,2017-02-22T02:05:04.330Z,"10km S of Honaunau-Napoopoo, Hawaii",earthquake,0.7,0.43,0.111,12,reviewed,hv,hv
2017-02-21T09:59:49.540Z,19.573,-155.6916667,14.801,1.24,md,8,165,0.05495,0.13,hv,hv61614921,2017-02-22T01:27:00.670Z,"22km NE of Honaunau-Napoopoo, Hawaii",earthquake,1.19,1.02,0.043,5,reviewed,hv,hv
2017-02-09T04:23:28.050Z,19.3973333,-155.8476667,14.673,1.82,md,29,135,0.1114,0.12,hv,hv61598721,2017-05-09T01:24:31.040Z,"6km SSE of Honaunau-Napoopoo, Hawaii",earthquake,0.55,0.35,0.185,15,reviewed,hv,hv
2017-02-07T13:43:24.380Z,19.5281667,-155.688,11.297,1.38,md,22,140,0.02749,0.12,hv,hv61596831,2017-03-11T01:50:25.190Z,"20km ENE of Honaunau-Napoopoo, Hawaii",earthquake,0.42,0.49,0.131,12,reviewed,hv,hv
2017-01-30T05:11:39.420Z,19.553,-155.7458333,13.618,1.36,ml,13,152,0.06322,0.11,hv,hv61584631,2017-03-11T01:58:12.800Z,"16km NE of Honaunau-Napoopoo, Hawaii",earthquake,0.9,0.75,0.136,2,reviewed,hv,hv
2017-01-27T23:10:00.410Z,19.4231667,-155.6661667,7.569,1.31,md,25,106,0.04169,0.14,hv,hv61581571,2017-03-11T01:59:49.190Z,"21km E of Honaunau-Napoopoo, Hawaii",earthquake,0.44,1.01,0.117,11,reviewed,hv,hv
2017-01-27T16:18:10.860Z,19.5471667,-155.7033333,11.267,1.13,md,20,150,0.04262,0.14,hv,hv61581341,2017-03-11T02:00:35.190Z,"19km ENE of Honaunau-Napoopoo, Hawaii",earthquake,0.65,0.51,0.121,10,reviewed,hv,hv
2017-01-24T02:15:01.150Z,19.5483333,-155.6828333,10.217,1.24,md,33,89,0.03728,0.14,hv,hv61575926,2017-03-11T02:04:31.410Z,"21km ENE of Honaunau-Napoopoo, Hawaii",earthquake,0.51,0.6,0.228,14,reviewed,hv,hv
2017-01-23T19:13:17.420Z,19.3108333,-155.8058333,12.761,3.25,ml,28,98,0.0762,0.12,hv,hv61575441,2017-04-19T18:30:57.040Z,"17km SSE of Honaunau-Napoopoo, Hawaii",earthquake,0.36,0.42,0.186,44,reviewed,hv,hv
2017-01-17T21:14:01.340Z,19.4441667,-155.7773333,14.868,1.17,md,11,118,0.09238,0.12,hv,hv61566831,2017-03-11T02:10:18.100Z,"9km E of Honaunau-Napoopoo, Hawaii",earthquake,0.62,1.92,0.037,6,reviewed,hv,hv
2017-01-06T00:20:37.880Z,19.2848333,-155.8111667,9.44,1.42,md,25,108,0.05876,0.16,hv,hv61548636,2017-03-11T02:18:51.020Z,"19km SSE of Honaunau-Napoopoo, Hawaii",earthquake,0.53,0.92,0.133,13,reviewed,hv,hv
2017-01-03T19:52:04.670Z,19.465,-155.7563333,14.368,1.08,md,10,167,0.06393,0.07,hv,hv61544876,2017-03-11T02:21:42.390Z,"11km E of Honaunau-Napoopoo, Hawaii",earthquake,0.7,1.07,0.002,4,reviewed,hv,hv
2016-12-18T06:37:41.610Z,19.4665,-155.7156667,9.108,1.44,md,28,91,0.03955,0.16,hv,hv61524131,2016-12-18T20:11:12.840Z,"15km E of Honaunau-Napoopoo, Hawaii",earthquake,0.41,0.69,0.114,14,reviewed,hv,hv
2016-12-16T20:29:55.760Z,19.3113333,-155.8055,10.434,1.42,md,16,185,0.1397,0.09,hv,hv61521851,2016-12-18T22:46:58.210Z,"17km SSE of Honaunau-Napoopoo, Hawaii",earthquake,0.67,1.66,0.068,7,reviewed,hv,hv
2016-12-06T22:32:13.460Z,19.4535,-155.8148333,13.659,1.98,ml,21,195,0.1172,0.11,hv,hv61508746,2016-12-07T01:15:18.130Z,"5km E of Honaunau-Napoopoo, Hawaii",earthquake,0.73,0.37,0.167,7,reviewed,hv,hv
2016-12-06T18:43:09.530Z,19.5301667,-155.8348333,8.779,1.31,md,10,286,0.2287,0.31,hv,hv61508566,2016-12-07T02:01:54.860Z,"8km NNE of Honaunau-Napoopoo, Hawaii",earthquake,11.69,5.13,0.108,6,reviewed,hv,hv
2016-12-01T01:27:52.800Z,19.537,-155.6735,9.017,2.04,ml,9,220,0.0281,0.17,hv,hv61501841,2016-12-01T03:28:36.300Z,"21km ENE of Honaunau-Napoopoo, Hawaii",earthquake,1.25,0.67,0.163,2,reviewed,hv,hv
2016-11-30T23:12:09.910Z,19.3458333,-155.8281667,12.609,1.41,md,14,190,0.09075,0.09,hv,hv61501721,2016-12-07T20:11:30.780Z,"12km SSE of Honaunau-Napoopoo, Hawaii",earthquake,0.88,0.51,0.093,8,reviewed,hv,hv
2016-11-23T05:15:25.250Z,19.5254993,-155.7986603,10.29,1.76,md,19,59,0.0929,0.24,hv,hv61491831,2016-11-23T05:18:38.450Z,"10km NE of Honaunau-Napoopoo, Hawaii",earthquake,0.49,1.3,0.08,4,automatic,hv,hv
2016-11-18T09:00:24.820Z,19.241,-155.8368333,7.657,1.34,md,18,159,0.0377,0.2,hv,hv61485881,2016-11-18T20:05:00.550Z,"20km NNW of Hawaiian Ocean View, Hawaii",earthquake,1.01,1.46,0.064,9,reviewed,hv,hv
2016-11-14T10:45:57.960Z,19.485,-155.6935,10.755,2.31,ml,32,54,0.02111,0.14,hv,hv61480866,2016-11-14T21:03:45.250Z,"18km E of Honaunau-Napoopoo, Hawaii",earthquake,0.45,0.68,0.085,8,reviewed,hv,hv
2016-11-04T15:48:26.270Z,19.4611667,-155.8223333,11.989,3.55,ml,36,94,0.09342,0.17,hv,hv61468126,2017-02-17T16:49:59.034Z,"4km E of Honaunau-Napoopoo, Hawaii",earthquake,0.4,0.4,0.197,41,reviewed,hv,hv
2016-10-29T10:15:02.980Z,19.3018333,-155.8091667,7.55,1.64,md,43,95,0.06836,0.16,hv,hv61461591,2019-06-10T19:58:13.050Z,"21km S of Honaunau-Napoopoo, Hawaii",earthquake,0.38,0.49,0.105,21,reviewed,hv,hv
2016-10-19T09:12:17.890Z,19.3535,-155.6285,13.539,1.76,md,47,48,0.04899,0.13,hv,hv61450581,2016-10-19T22:40:31.210Z,"22km NW of Pahala, Hawaii",earthquake,0.32,0.36,0.14,20,reviewed,hv,hv
2016-10-16T22:44:57.240Z,19.488,-155.7588333,11.428,1.39,md,22,83,0.05535,0.15,hv,hv61447636,2016-10-17T22:33:55.030Z,"11km ENE of Honaunau-Napoopoo, Hawaii",earthquake,0.41,0.68,0.13,11,reviewed,hv,hv
2016-10-16T20:29:31.400Z,19.5353333,-155.7076667,11.757,1.12,md,19,111,0.0312,0.11,hv,hv61447526,2016-10-17T22:38:29.650Z,"18km ENE of Honaunau-Napoopoo, Hawaii",earthquake,0.42,0.53,0.096,8,reviewed,hv,hv
2016-10-02T03:57:55.700Z,19.4228333,-155.7685,13.808,1.38,md,20,115,0.1021,0.15,hv,hv61430936,2016-10-04T23:23:32.740Z,"10km ESE of Honaunau-Napoopoo, Hawaii",earthquake,0.6,0.52,0.092,10,reviewed,hv,hv
2016-09-22T06:14:43.480Z,19.4758333,-155.7046667,12.268,1,md,14,115,0.0284,0.08,hv,hv61420371,2016-09-22T22:22:25.420Z,"16km E of Honaunau-Napoopoo, Hawaii",earthquake,0.44,0.97,0.081,5,reviewed,hv,hv
2016-09-22T05:09:04.040Z,19.5375,-155.691,11.957,1.02,md,12,113,0.03481,0.07,hv,hv61420326,2016-09-22T22:57:57.980Z,"20km ENE of Honaunau-Napoopoo, Hawaii",earthquake,0.58,0.66,0.074,3,reviewed,hv,hv
2016-09-06T03:51:26.300Z,19.5293333,-155.7191667,12.407,1.07,md,13,115,0.02931,0.12,hv,hv61400491,2016-09-08T22:06:36.090Z,"17km ENE of Honaunau-Napoopoo, Hawaii",earthquake,0.68,0.89,0.007,3,reviewed,hv,hv
2016-09-06T01:20:23.510Z,19.5009995,-155.8110046,13.81,1.73,md,17,120,0.1011,0.15,hv,hv61400431,2016-09-06T01:23:29.900Z,"7km NE of Honaunau-Napoopoo, Hawaii",earthquake,0.61,0.37,0.23,8,automatic,hv,hv
2016-08-20T07:20:50.990Z,19.4815,-155.801,11.579,2.22,ml,39,77,0.09544,0.17,hv,hv61380621,2016-08-22T22:41:56.130Z,"7km ENE of Honaunau-Napoopoo, Hawaii",earthquake,0.41,0.51,0.079,8,reviewed,hv,hv
2016-08-09T07:19:33.290Z,19.3063333,-155.8108333,10.751,1.57,md,35,98,0.06972,0.15,hv,hv61369126,2016-08-09T20:54:20.650Z,"17km SSE of Honaunau-Napoopoo, Hawaii",earthquake,0.38,0.48,0.099,16,reviewed,hv,hv
2016-07-21T15:28:09.980Z,19.5223333,-155.7005,10.337,2.53,ml,38,49,0.01804,0.14,hv,hv61347946,2016-09-17T01:27:53.040Z,"18km ENE of Honaunau-Napoopoo, Hawaii",earthquake,0.41,0.55,0.11,8,reviewed,hv,hv
2016-07-13T21:31:06.090Z,19.4906667,-155.648,7.707,2.09,ml,14,98,0.04831,0.1,hv,hv61337636,2016-07-13T22:38:37.830Z,"23km E of Honaunau-Napoopoo, Hawaii",earthquake,0.37,0.99,0.243,5,reviewed,hv,hv
2016-07-11T14:37:18.160Z,19.4913333,-155.6483333,7.245,2.17,ml,37,62,0.0487,0.14,hv,hv61333846,2016-07-11T21:42:46.450Z,"23km E of Honaunau-Napoopoo, Hawaii",earthquake,0.28,0.56,0.131,6,reviewed,hv,hv
2016-07-11T09:30:28.350Z,19.4905,-155.6495,7.485,2.51,ml,45,63,0.04969,0.14,hv,hv61333481,2016-09-08T01:50:27.040Z,"22km E of Honaunau-Napoopoo, Hawaii",earthquake,0.25,0.49,0.211,16,reviewed,hv,hv
2016-07-10T22:21:36.440Z,19.4951667,-155.653,7.935,2.54,ml,23,88,0.04655,0.1,hv,hv61332736,2018-07-12T14:30:04.444Z,"22km E of Honaunau-Napoopoo, Hawaii",earthquake,0.5,0.93,0.263,8,reviewed,hv,hv
2016-07-07T14:26:52.690Z,19.4841667,-155.6928333,11.465,1.44,md,27,63,0.02212,0.14,hv,hv61327296,2016-07-07T17:28:29.780Z,"18km E of Honaunau-Napoopoo, Hawaii",earthquake,0.36,0.71,0.058,13,reviewed,hv,hv
2016-07-04T20:34:33.750Z,19.4746667,-155.6463333,7.964,1.24,md,16,74,0.04757,0.11,hv,hv61323166,2016-07-05T18:43:30.020Z,"23km E of Honaunau-Napoopoo, Hawaii",earthquake,0.38,0.95,0.154,7,reviewed,hv,hv
2016-05-28T22:34:52.580Z,19.4718333,-155.643,7.135,2.16,ml,22,71,0.04289,0.14,hv,hv61276881,2016-05-31T21:50:41.650Z,"23km E of Honaunau-Napoopoo, Hawaii",earthquake,0.38,0.9,0.162,5,reviewed,hv,hv
2016-05-28T22:26:04.970Z,19.475,-155.6443333,7.825,2.07,ml,16,71,0.04552,0.13,hv,hv61276861,2016-05-28T23:40:35.680Z,"23km E of Honaunau-Napoopoo, Hawaii",earthquake,0.4,0.86,0.123,8,reviewed,hv,hv
2016-05-28T22:09:54.670Z,19.4741667,-155.6496667,8.135,2.4,ml,25,115,0.04954,0.11,hv,hv61276831,2016-05-28T23:17:45.600Z,"22km E of Honaunau-Napoopoo, Hawaii",earthquake,0.4,0.71,0.128,11,reviewed,hv,hv
2016-05-13T02:46:39.080Z,19.4641667,-155.8311667,10.969,1.77,md,44,96,0.08459,0.16,hv,hv61259456,2016-07-22T19:39:04.040Z,"3km ENE of Honaunau-Napoopoo, Hawaii",earthquake,0.44,0.4,0.162,19,reviewed,hv,hv
2016-04-18T02:52:09.540Z,19.5056667,-155.8116608,14.7,1.9,md,21,67,0.1012,0.24,hv,hv61234241,2016-04-18T02:55:21.590Z,"7km NE of Honaunau-Napoopoo, Hawaii",earthquake,0.56,0.34,0.26,8,automatic,hv,hv
2016-04-02T18:50:14.250Z,19.2861671,-155.8366699,12.22,1.71,md,13,138,0.03815,0.22,hv,hv61220186,2016-04-02T18:53:15.060Z,"19km S of Honaunau-Napoopoo, Hawaii",earthquake,0.74,1,0.15,3,automatic,hv,hv
2016-03-22T23:41:38.610Z,19.5453339,-155.8138275,13.71,1.71,md,21,110,0.08799,0.35,hv,hv61210036,2016-03-22T23:44:56.920Z,"11km NNE of Honaunau-Napoopoo, Hawaii",earthquake,0.89,0.54,0.12,7,automatic,hv,hv
2016-03-07T04:13:28.510Z,19.5536667,-155.7375,12.398,1.22,md,17,131,0.05903,0.15,hv,hv61196631,2016-03-07T15:52:13.050Z,"17km NE of Honaunau-Napoopoo, Hawaii",earthquake,0.96,0.59,0.097,6,reviewed,hv,hv
2016-02-04T09:08:22.260Z,19.3598328,-155.83284,12.35,1.86,md,39,128,0.102,0.26,hv,hv61169076,2016-02-04T09:11:30.080Z,"11km SSE of Honaunau-Napoopoo, Hawaii",earthquake,0.4,0.46,0.15,11,automatic,hv,hv
2016-01-30T06:45:22.020Z,19.3218327,-155.818161,10.56,1.7,md,36,111,0.07553,0.27,hv,hv61165431,2016-01-30T06:48:38.260Z,"15km SSE of Honaunau-Napoopoo, Hawaii",earthquake,0.51,0.56,0.04,8,automatic,hv,hv
2016-01-24T12:00:38.320Z,19.5563333,-155.7326667,11.048,1.48,md,40,81,0.05894,0.16,hv,hv61160421,2016-01-25T21:48:21.850Z,"17km NE of Honaunau-Napoopoo, Hawaii",earthquake,0.49,0.41,0.117,15,reviewed,hv,hv
2016-01-05T05:39:29.360Z,19.513,-155.6746667,10.867,2.6,ml,41,43,0.02785,0.11,hv,hv61143056,2016-03-28T22:09:38.040Z,"20km ENE of Honaunau-Napoopoo, Hawaii",earthquake,0.37,0.47,0.289,10,reviewed,hv,hv
2015-12-11T18:14:33.110Z,19.4818333,-155.7275,11.028,1.48,md,28,72,0.03234,0.11,hv,hv61124566,2015-12-11T21:01:09.880Z,"14km E of Honaunau-Napoopoo, Hawaii",earthquake,0.42,0.44,0.09,12,reviewed,hv,hv
2015-11-16T22:57:29.930Z,19.5551667,-155.6946667,10.847,2.23,ml,30,93,0.04973,0.15,hv,hv61104506,2015-11-16T23:29:27.730Z,"20km ENE of Honaunau-Napoopoo, Hawaii",earthquake,0.43,0.38,0.2,6,reviewed,hv,hv
2015-11-16T09:07:04.910Z,19.4838333,-155.6536667,7.555,1.02,md,15,75,0.05058,0.1,hv,hv61104176,2015-11-17T18:16:20.780Z,"22km E of Honaunau-Napoopoo, Hawaii",earthquake,0.43,0.94,0.218,7,reviewed,hv,hv
2015-11-02T15:41:35.980Z,19.5326667,-155.7203333,12.267,1.15,md,9,142,0.03272,0.09,hv,hv61088006,2015-11-03T00:03:03.110Z,"17km ENE of Honaunau-Napoopoo, Hawaii",earthquake,0.94,1.12,0.024,3,reviewed,hv,hv
2015-10-07T07:35:41.240Z,19.5243333,-155.7213333,10.697,1.64,md,37,71,0.02653,0.17,hv,hv61055001,2015-10-07T17:56:46.220Z,"16km ENE of Honaunau-Napoopoo, Hawaii",earthquake,0.38,0.53,0.106,19,reviewed,hv,hv
2015-10-05T19:16:04.140Z,19.487,-155.7353333,14.138,1.1,md,16,152,0.03525,0.11,hv,hv61053616,2015-10-09T08:18:57.700Z,"13km ENE of Honaunau-Napoopoo, Hawaii",earthquake,0.57,0.66,0.044,6,reviewed,hv,hv
2015-10-05T15:11:27.180Z,19.4703333,-155.7056667,13.458,1.01,md,12,144,0.03392,0.08,hv,hv61053561,2015-10-10T09:44:17.380Z,"16km E of Honaunau-Napoopoo, Hawaii",earthquake,0.55,0.98,0.053,5,reviewed,hv,hv
2015-10-03T06:07:13.800Z,19.503,-155.782,11.158,1.77,md,28,64,0.07478,0.16,hv,hv61051976,2016-01-04T22:28:52.040Z,"10km ENE of Honaunau-Napoopoo, Hawaii",earthquake,0.48,0.57,0.145,15,reviewed,hv,hv
2015-09-25T21:39:29.750Z,19.5066667,-155.7965,12.607,1.53,md,33,83,0.08847,0.17,hv,hv61046101,2015-09-29T22:55:51.130Z,"9km NE of Honaunau-Napoopoo, Hawaii",earthquake,0.63,0.29,0.12,16,reviewed,hv,hv
2015-09-17T16:52:17.010Z,19.4686667,-155.7425,9.675,1.3,md,26,68,0.05162,0.14,hv,hv61040376,2015-09-17T18:15:21.640Z,"12km E of Honaunau-Napoopoo, Hawaii",earthquake,0.38,0.87,0.14,12,reviewed,hv,hv
2015-09-09T18:58:35.300Z,19.5245,-155.7078333,10.827,1.66,ml,28,106,0.02064,0.14,hv,hv61033566,2015-09-10T23:13:16.350Z,"18km ENE of Honaunau-Napoopoo, Hawaii",earthquake,0.46,0.48,0.143,5,reviewed,hv,hv
2015-09-09T18:14:05.060Z,19.4723333,-155.6865,10.998,1.42,md,37,55,0.03532,0.13,hv,hv61033541,2015-09-10T20:53:28.272Z,"18km E of Honaunau-Napoopoo, Hawaii",earthquake,0.38,0.53,0.117,14,reviewed,hv,hv
2015-08-21T20:06:33.220Z,19.4788333,-155.6573333,7.085,1.39,md,28,73,0.04978,0.14,hv,hv61014631,2015-08-21T20:42:57.010Z,"21km E of Honaunau-Napoopoo, Hawaii",earthquake,0.32,0.8,0.099,13,reviewed,hv,hv
2015-08-21T16:23:45.780Z,19.498,-155.7918333,13.179,1.46,md,23,68,0.08428,0.15,hv,hv61014556,2015-08-21T19:24:45.400Z,"8km ENE of Honaunau-Napoopoo, Hawaii",earthquake,0.43,0.52,0.136,13,reviewed,hv,hv
2015-08-13T05:11:47.250Z,19.4556667,-155.8415,13.193,1.63,md,30,107,0.07833,0.17,hv,hv61005586,2015-08-13T20:55:39.610Z,"2km E of Honaunau-Napoopoo, Hawaii",earthquake,0.49,0.43,0.039,16,reviewed,hv,hv
2015-08-08T00:29:33.830Z,19.5061667,-155.707,10.765,1.36,md,30,52,0.004416,0.14,hv,hv61001036,2015-08-08T01:26:08.240Z,"17km ENE of Honaunau-Napoopoo, Hawaii",earthquake,0.43,0.53,0.129,16,reviewed,hv,hv
2015-07-28T08:43:11.090Z,19.48,-155.6543333,7.495,1.86,ml,16,73,0.05168,0.11,hv,hv60991891,2015-07-28T18:25:47.000Z,"22km E of Honaunau-Napoopoo, Hawaii",earthquake,0.37,0.91,0.07,6,reviewed,hv,hv
2015-07-28T01:41:06.550Z,19.4826667,-155.6515,8.245,1.51,md,12,109,0.05135,0.15,hv,hv60991306,2015-07-29T23:14:10.130Z,"22km E of Honaunau-Napoopoo, Hawaii",earthquake,0.55,1.2,0.229,5,reviewed,hv,hv
2015-07-28T01:40:58.940Z,19.4843333,-155.6553333,7.825,1.05,md,11,111,0.04894,0.08,hv,hv60991301,2015-07-28T02:48:26.670Z,"22km E of Honaunau-Napoopoo, Hawaii",earthquake,0.46,1.07,0.093,6,reviewed,hv,hv
2015-07-24T13:09:29.380Z,19.4735,-155.6413333,7.185,2.27,ml,32,60,0.04232,0.15,hv,hv60988021,2015-07-24T19:38:26.730Z,"23km E of Honaunau-Napoopoo, Hawaii",earthquake,0.3,0.68,0.232,10,reviewed,hv,hv
2015-07-24T08:57:47.120Z,19.4868333,-155.6426667,8.315,1.27,md,8,156,0.04299,0.05,hv,hv60987901,2015-07-24T19:54:18.790Z,"23km E of Honaunau-Napoopoo, Hawaii",earthquake,0.63,1.16,0.071,2,reviewed,hv,hv
2015-07-24T08:21:34.950Z,19.475,-155.6435,7.875,2.35,ml,28,62,0.04484,0.14,hv,hv60987886,2015-07-24T19:58:58.330Z,"23km E of Honaunau-Napoopoo, Hawaii",earthquake,0.34,0.67,0.098,8,reviewed,hv,hv
2015-07-23T18:45:01.390Z,19.4756667,-155.7146667,13.535,1.04,md,11,223,0.03065,0.07,hv,hv60987246,2015-07-24T20:25:17.910Z,"15km E of Honaunau-Napoopoo, Hawaii",earthquake,0.66,1.17,0.065,6,reviewed,hv,hv
2015-07-18T04:28:24.390Z,19.39,-155.7651667,12.992,1.67,md,41,87,0.1017,0.14,hv,hv60983116,2015-07-24T01:37:14.670Z,"12km SE of Honaunau-Napoopoo, Hawaii",earthquake,0.38,0.36,0.176,19,reviewed,hv,hv
2015-07-04T14:34:19.060Z,19.4838333,-155.7705,15.149,1.24,md,17,68,0.06709,0.14,hv,hv60972781,2015-07-07T22:51:03.210Z,"10km ENE of Honaunau-Napoopoo, Hawaii",earthquake,0.52,0.43,0.083,8,reviewed,hv,hv
2015-06-14T12:31:49.580Z,19.464,-155.7578333,12.64,1.25,md,20,72,0.06565,0.15,hv,hv60960046,2015-06-16T22:08:51.720Z,"11km E of Honaunau-Napoopoo, Hawaii",earthquake,0.47,0.67,0.159,10,reviewed,hv,hv
2015-06-10T11:20:40.470Z,19.4261667,-155.7351667,12.38,1.51,md,37,71,0.08355,0.12,hv,hv60957311,2015-06-11T22:51:13.540Z,"14km ESE of Honaunau-Napoopoo, Hawaii",earthquake,0.31,0.38,0.118,17,reviewed,hv,hv
2015-06-03T11:48:11.390Z,19.5109997,-155.8273315,11.28,2.03,ml,41,68,0.08792,0.22,hv,hv60952191,2015-06-03T11:53:55.260Z,"7km NNE of Honaunau-Napoopoo, Hawaii",earthquake,0.42,0.49,0.19,4,automatic,hv,hv
2015-05-06T02:02:50.580Z,19.3023338,-155.8136597,10.99,1.09,md,11,153,0.06519,0.28,hv,hv60918226,2015-05-07T01:09:46.250Z,"17km SSE of Honaunau-Napoopoo, Hawaii",earthquake,0.92,2.03,,1,automatic,hv,hv
2015-05-03T21:11:55.200Z,19.4529991,-155.7438354,7.88,1.29,md,14,166,0.06411,0.36,hv,hv60915006,2015-05-07T00:45:17.640Z,"12km E of Honaunau-Napoopoo, Hawaii",earthquake,0.94,2.65,0.25,2,reviewed,hv,hv
2015-05-03T11:47:05.740Z,19.510334,-155.6629944,8.41,1.12,md,17,73,0.03551,0.15,hv,hv60914376,2015-05-07T00:39:04.090Z,"22km ENE of Honaunau-Napoopoo, Hawaii",earthquake,0.42,0.62,0.14,4,reviewed,hv,hv
2015-05-02T18:09:47.600Z,19.2997,-155.7637,12.5,1.3,Md,11,140.4,0.1060012,0.17,hv,hv60913491,2015-05-07T00:32:42.862Z,"20km SSE of Honaunau-Napoopoo, Hawaii",earthquake,0.6,0.6,0.1,2,reviewed,hv,hv
2015-04-28T05:16:20.340Z,19.2994995,-155.7758331,11.34,1.45,md,17,92,0.09517,0.3,hv,hv60906911,2015-05-06T23:43:09.570Z,"19km SSE of Honaunau-Napoopoo, Hawaii",earthquake,0.79,2.52,0.1,2,reviewed,hv,hv
2015-04-27T01:20:57.080Z,19.5020008,-155.8431702,13.3,1.75,md,14,100,0.07131,0.19,hv,hv60905386,2015-05-06T23:30:19.760Z,"5km NNE of Honaunau-Napoopoo, Hawaii",earthquake,0.55,0.64,0.13,3,reviewed,hv,hv
2015-04-22T01:54:12.800Z,19.5478,-155.7352,11,1.6,Md,,90,0.05389892,0.17,hv,hv60899976,2015-04-22T22:09:24.970Z,"16km NE of Honaunau-Napoopoo, Hawaii",earthquake,0.7,0.5,0,12,reviewed,hv,hv
2015-04-18T17:38:11.000Z,19.3995,-155.6358,11.9,1.7,Ml,,68.4,0.00898315,0.2,hv,hv60897956,2015-04-20T22:22:51.751Z,"24km ESE of Honaunau-Napoopoo, Hawaii",earthquake,0.5,1,0.1,2,reviewed,hv,hv
2015-04-14T07:36:36.200Z,19.3193,-155.809,12.4,2.8,Ml,,104.4,0.08084838,0.12,hv,hv60894861,2015-06-22T23:19:01.040Z,"16km SSE of Honaunau-Napoopoo, Hawaii",earthquake,0.3,0.4,0.2,28,reviewed,hv,hv
2015-04-04T17:03:12.300Z,19.2813,-155.7888,7.9,1.8,Md,,86.4,0.08084838,0.38,hv,hv60886636,2015-04-04T17:06:31.817Z,"20km SSE of Honaunau-Napoopoo, Hawaii",earthquake,0.6,1.1,0.1,4,automatic,hv,hv
2015-03-26T19:45:40.000Z,19.572,-155.6898,10.8,1.5,Md,,86.4,0.05389892,0.17,hv,hv60881121,2015-03-27T00:37:39.442Z,"22km NE of Honaunau-Napoopoo, Hawaii",earthquake,0.4,0.5,0.1,15,reviewed,hv,hv
2015-03-25T08:55:34.300Z,19.4758,-155.7688,11.6,1.2,Md,,104.4,0.07186522,0.14,hv,hv60879956,2015-03-25T19:46:19.426Z,"10km ENE of Honaunau-Napoopoo, Hawaii",earthquake,0.5,0.5,0.2,9,reviewed,hv,hv
2015-03-09T07:58:57.900Z,19.4378,-155.7652,10.5,1.6,Md,,79.2,0.08983153,0.15,hv,hv60868386,2015-03-09T23:16:57.585Z,"10km E of Honaunau-Napoopoo, Hawaii",earthquake,0.3,0.4,0.1,21,reviewed,hv,hv
2015-03-02T18:19:27.800Z,19.5072,-155.6765,10.9,2.4,Ml,,46.8,0.02694946,0.12,hv,hv60863901,2015-03-03T02:22:02.300Z,"20km ENE of Honaunau-Napoopoo, Hawaii",earthquake,0.4,0.4,0.3,16,reviewed,hv,hv
2015-02-23T07:13:03.800Z,19.286,-155.7953,10.7,1.6,Md,,90,0.07186522,0.19,hv,hv60857621,2015-02-25T01:22:53.344Z,"20km SSE of Honaunau-Napoopoo, Hawaii",earthquake,0.4,0.5,0.1,20,reviewed,hv,hv
2015-02-11T23:18:55.000Z,19.5437,-155.7138,11.2,1.5,Md,,118.8,0.04491576,0.19,hv,hv60849596,2015-02-12T00:04:13.506Z,"18km ENE of Honaunau-Napoopoo, Hawaii",earthquake,0.6,0.5,0.2,16,reviewed,hv,hv
2015-01-30T21:24:48.000Z,19.4815,-155.7265,11.3,2.1,Ml,,100.8,0.03593261,0.13,hv,hv60843606,2015-05-02T14:05:52.040Z,"14km E of Honaunau-Napoopoo, Hawaii",earthquake,0.5,0.3,0.2,17,reviewed,hv,hv
2015-01-26T12:10:49.600Z,19.4972,-155.7608,15.3,1.2,Md,,115.2,0.05389892,0.12,hv,hv60840791,2015-01-27T20:23:37.499Z,"11km ENE of Honaunau-Napoopoo, Hawaii",earthquake,0.6,0.4,0.1,8,reviewed,hv,hv
2015-01-15T12:38:07.700Z,19.4895,-155.7477,11.8,1.1,Md,,273.6,0.04491576,0.1,hv,hv60833681,2015-01-15T23:14:06.399Z,"12km ENE of Honaunau-Napoopoo, Hawaii",earthquake,1.2,1.1,0,4,reviewed,hv,hv
2015-01-06T07:10:24.400Z,19.4907,-155.767,13.4,1.3,Md,,115.2,0.06288207,0.1,hv,hv60827001,2015-01-12T21:10:38.186Z,"10km ENE of Honaunau-Napoopoo, Hawaii",earthquake,0.7,0.5,0.1,5,reviewed,hv,hv
2015-01-04T17:45:44.900Z,19.539,-155.6897,12.1,2.9,Ml,,46.8,0.03593261,0.1,hv,hv60826186,2015-03-27T07:01:46.040Z,"20km ENE of Honaunau-Napoopoo, Hawaii",earthquake,0.4,0.4,0.2,24,reviewed,hv,hv
2014-12-22T01:10:45.100Z,19.5267,-155.6902,11.4,1.2,Md,,108,0.02694946,0.09,hv,hv60820536,2014-12-24T02:18:26.004Z,"19km ENE of Honaunau-Napoopoo, Hawaii",earthquake,0.7,0.8,0,3,reviewed,hv,hv
2014-12-20T14:04:36.500Z,19.4742,-155.7547,10.2,1.6,Md,,93.6,0.05389892,0.17,hv,hv60819906,2014-12-23T02:20:01.309Z,"11km E of Honaunau-Napoopoo, Hawaii",earthquake,0.4,0.6,0.1,19,reviewed,hv,hv
2014-12-17T17:39:29.900Z,19.5223,-155.668,7.8,1.2,Md,,169.2,0.02694946,0.1,hv,hv60818321,2014-12-23T02:23:06.362Z,"21km ENE of Honaunau-Napoopoo, Hawaii",earthquake,0.8,1,0.5,2,reviewed,hv,hv
2014-12-09T18:29:47.700Z,19.512,-155.7222,11,1.1,Md,,136.8,0.01796631,0.09,hv,hv60814221,2014-12-10T20:48:56.871Z,"16km ENE of Honaunau-Napoopoo, Hawaii",earthquake,0.8,0.9,0.1,4,reviewed,hv,hv
2014-12-09T13:20:48.500Z,19.467,-155.6997,12.5,1.1,Md,,57.6,0.03593261,0.09,hv,hv60814141,2014-12-10T21:18:03.343Z,"17km E of Honaunau-Napoopoo, Hawaii",earthquake,0.5,0.8,0.1,8,reviewed,hv,hv
2014-12-08T13:42:35.800Z,19.5468,-155.6702,10.8,1.5,Md,,90,0.02694946,0.15,hv,hv60813671,2014-12-08T20:41:01.136Z,"22km ENE of Honaunau-Napoopoo, Hawaii",earthquake,0.4,0.5,0.1,16,reviewed,hv,hv
2014-12-07T07:25:25.800Z,19.4435,-155.6833,11.9,1,Md,,140.4,0.06288207,0.08,hv,hv60813166,2014-12-08T23:26:09.512Z,"19km E of Honaunau-Napoopoo, Hawaii",earthquake,0.5,0.8,0.1,8,reviewed,hv,hv
2014-12-07T07:22:33.000Z,19.4417,-155.688,12.5,1.3,Md,,57.6,0.06288207,0.12,hv,hv60813161,2014-12-08T23:30:29.579Z,"18km E of Honaunau-Napoopoo, Hawaii",earthquake,0.5,0.9,0.1,12,reviewed,hv,hv
2014-12-04T09:46:14.300Z,19.4848,-155.7032,12.1,1.2,Md,,61.2,0.01796631,0.09,hv,hv60811456,2014-12-04T21:19:03.888Z,"17km E of Honaunau-Napoopoo, Hawaii",earthquake,0.5,0.8,0.1,7,reviewed,hv,hv
2014-12-04T07:39:50.300Z,19.3045,-155.7587,10.5,1.1,Md,,147.6,0.09881468,0.15,hv,hv60811426,2014-12-04T22:57:31.747Z,"20km SSE of Honaunau-Napoopoo, Hawaii",earthquake,0.7,2.4,0.1,5,reviewed,hv,hv
2014-11-30T10:21:34.200Z,19.4718,-155.6975,10.7,1.3,Md,,82.8,0.03593261,0.07,hv,hv60809276,2014-12-02T21:25:09.426Z,"17km E of Honaunau-Napoopoo, Hawaii",earthquake,0.4,0.8,0.2,11,reviewed,hv,hv
2014-11-23T23:26:14.100Z,19.5032,-155.754,10.5,1.5,Md,,154.8,0.04491576,0.17,hv,hv60806041,2014-11-25T06:41:25.331Z,"12km ENE of Honaunau-Napoopoo, Hawaii",earthquake,0.5,0.4,0.1,12,reviewed,hv,hv
2014-11-19T02:48:03.000Z,19.4807,-155.6942,12.4,1.1,Md,,158.4,0.02694946,0.08,hv,hv60803916,2014-11-19T21:40:43.705Z,"18km E of Honaunau-Napoopoo, Hawaii",earthquake,0.7,0.8,0.1,4,reviewed,hv,hv
2014-11-17T13:45:36.200Z,19.5447,-155.7558,11.6,1.2,Md,,147.6,0.06288207,0.12,hv,hv60803186,2014-11-17T20:24:40.301Z,"15km NE of Honaunau-Napoopoo, Hawaii",earthquake,1.1,1.2,0,3,reviewed,hv,hv
2014-11-15T20:55:17.000Z,19.3517,-155.85,14.3,1.6,Md,,144,0.08983153,0.18,hv,hv60802611,2014-11-17T20:39:06.521Z,"11km S of Honaunau-Napoopoo, Hawaii",earthquake,0.7,0.5,0.1,15,reviewed,hv,hv
2014-11-11T23:48:41.700Z,19.5475,-155.7145,13.2,1.3,Md,,115.2,0.04491576,0.11,hv,hv60800926,2014-11-13T22:46:27.117Z,"18km ENE of Honaunau-Napoopoo, Hawaii",earthquake,0.7,0.8,0.1,6,reviewed,hv,hv
2014-11-11T07:27:47.800Z,19.514,-155.6895,11.4,1.1,md,,122.399990208001,0.01796631,0.11,hv,hv60800626,2014-11-12T21:54:51.000Z,"19km ENE of Honaunau-Napoopoo, Hawaii",earthquake,0.7,0.7,0.2,5,reviewed,hv,hv
2014-11-10T19:36:26.300Z,19.5187,-155.6918,11.4,1.1,Md,,100.8,0.01796631,0.12,hv,hv60800261,2014-11-12T22:06:36.034Z,"19km ENE of Honaunau-Napoopoo, Hawaii",earthquake,0.6,0.7,0.1,7,reviewed,hv,hv
2014-11-05T20:26:54.700Z,19.4337,-155.6348,14.1,1,Md,,68.4,0.03593261,0.08,hv,hv60798526,2014-11-05T21:42:11.134Z,"24km E of Honaunau-Napoopoo, Hawaii",earthquake,0.8,1.3,0,4,reviewed,hv,hv
2014-11-02T03:44:37.000Z,19.4818,-155.7857,13.5,1.3,Md,,118.8,0.08084838,0.08,hv,hv60797161,2014-11-03T21:20:25.361Z,"8km ENE of Honaunau-Napoopoo, Hawaii",earthquake,0.6,1.1,0,3,reviewed,hv,hv
2014-10-31T14:11:56.100Z,19.5415,-155.6937,12.6,1.5,Md,,133.2,0.03593261,0.06,hv,hv60796611,2014-11-03T21:32:50.537Z,"20km ENE of Honaunau-Napoopoo, Hawaii",earthquake,0.9,1,0.3,2,reviewed,hv,hv
2014-10-30T22:38:49.600Z,19.4655,-155.6893,12.1,1,Md,,136.8,0.04491576,0.07,hv,hv60796341,2014-10-30T23:30:58.163Z,"18km E of Honaunau-Napoopoo, Hawaii",earthquake,0.6,0.9,0,5,reviewed,hv,hv
2014-10-30T04:38:11.900Z,19.4487,-155.8353,8.8,1.4,Md,,108,0.08983153,0.19,hv,hv60795926,2014-10-30T19:42:25.326Z,"3km ESE of Honaunau-Napoopoo, Hawaii",earthquake,0.5,0.9,0.2,15,reviewed,hv,hv
2014-10-29T17:49:15.000Z,19.5055,-155.6927,9.7,1,Md,,93.6,0.00898315,0.1,hv,hv60795681,2014-11-05T22:05:59.341Z,"18km ENE of Honaunau-Napoopoo, Hawaii",earthquake,0.5,0.7,0.1,6,reviewed,hv,hv
2014-10-24T19:43:33.000Z,19.4902,-155.664,11.1,1.1,Md,,82.8,0.03593261,0.09,hv,hv60793906,2014-10-24T23:05:29.747Z,"21km E of Honaunau-Napoopoo, Hawaii",earthquake,0.6,0.9,0.1,7,reviewed,hv,hv
2014-10-19T16:34:04.700Z,19.4937,-155.725,12.7,1.2,Md,,115.2,0.02694946,0.11,hv,hv60791956,2014-10-21T02:33:19.903Z,"15km ENE of Honaunau-Napoopoo, Hawaii",earthquake,0.6,0.8,0.1,8,reviewed,hv,hv
2014-10-17T07:07:59.200Z,19.501,-155.6973,14.9,1.3,Md,,108,0.00898315,0.11,hv,hv60791111,2014-10-21T02:11:39.759Z,"18km ENE of Honaunau-Napoopoo, Hawaii",earthquake,0.7,0.6,0.1,4,reviewed,hv,hv
2014-10-17T06:32:57.500Z,19.4592,-155.6905,11.1,1,Md,,86.4,0.04491576,0.09,hv,hv60791106,2014-10-21T02:42:35.059Z,"18km E of Honaunau-Napoopoo, Hawaii",earthquake,0.6,0.9,0.1,6,reviewed,hv,hv
2014-10-15T23:22:57.700Z,19.525,-155.6882,11.6,1.2,Md,,136.8,0.02694946,0.12,hv,hv60790671,2014-10-21T02:18:49.798Z,"20km ENE of Honaunau-Napoopoo, Hawaii",earthquake,0.8,0.8,0,2,reviewed,hv,hv
2014-10-15T08:56:27.100Z,19.486,-155.8025,12.2,1.6,Md,,75.6,0.09881468,0.17,hv,hv60790361,2014-10-15T21:40:58.314Z,"7km ENE of Honaunau-Napoopoo, Hawaii",earthquake,0.5,0.5,0.1,14,reviewed,hv,hv
2014-10-14T14:05:17.500Z,19.4967,-155.6965,9.2,1.1,Md,,82.8,0.00898315,0.09,hv,hv60790006,2014-10-21T02:58:36.448Z,"18km ENE of Honaunau-Napoopoo, Hawaii",earthquake,0.4,0.8,0,3,reviewed,hv,hv
2014-10-12T15:23:15.800Z,19.4933,-155.6947,8.8,1.1,Md,,79.2,0.00898315,0.12,hv,hv60788041,2014-10-14T20:23:19.399Z,"18km ENE of Honaunau-Napoopoo, Hawaii",earthquake,0.5,0.8,0.1,8,reviewed,hv,hv
2014-10-12T08:42:33.000Z,19.5565,-155.6832,11.5,1.3,Md,,154.8,0.03593261,0.08,hv,hv60787941,2014-10-14T20:32:04.607Z,"22km ENE of Honaunau-Napoopoo, Hawaii",earthquake,0.9,0.8,0.3,2,reviewed,hv,hv
2014-10-11T05:26:40.400Z,19.3372,-155.82,11.4,2.1,Md,,115.2,0.08983153,0.33,hv,hv60787416,2015-01-06T23:49:50.040Z,"14km SSE of Honaunau-Napoopoo, Hawaii",earthquake,0.8,0.6,0.1,11,automatic,hv,hv
2014-10-07T11:40:24.600Z,19.512,-155.6587,7.3,1,Md,,118.8,0.03593261,0.1,hv,hv60785751,2014-10-07T18:58:21.315Z,"22km ENE of Honaunau-Napoopoo, Hawaii",earthquake,0.4,0.9,0.1,7,reviewed,hv,hv
2014-10-06T05:32:01.600Z,19.5332,-155.6655,7.5,1,Md,,198,0.01796631,0.02,hv,hv60784971,2014-10-06T22:36:10.171Z,"22km ENE of Honaunau-Napoopoo, Hawaii",earthquake,0.7,1.2,0.1,2,reviewed,hv,hv
2014-10-04T05:31:35.500Z,19.5268,-155.7107,11.3,1.2,Md,,126,0.02694946,0.1,hv,hv60783541,2014-10-06T21:16:49.023Z,"17km ENE of Honaunau-Napoopoo, Hawaii",earthquake,0.5,0.5,0.1,6,reviewed,hv,hv
2014-10-02T12:51:53.500Z,19.495,-155.69,10.1,1.2,Md,,50.4,0.01796631,0.12,hv,hv60782586,2014-10-02T20:00:08.099Z,"18km ENE of Honaunau-Napoopoo, Hawaii",earthquake,0.4,0.7,0.2,14,reviewed,hv,hv
2014-10-02T08:19:34.600Z,19.5013,-155.6797,9.3,1,Md,,122.4,0.01796631,0.08,hv,hv60782346,2014-10-02T19:42:00.948Z,"20km ENE of Honaunau-Napoopoo, Hawaii",earthquake,0.6,0.8,0.1,5,reviewed,hv,hv
2014-10-01T14:24:59.800Z,19.5015,-155.6653,8.6,1,Md,,111.6,0.03593261,0.09,hv,hv60781656,2014-10-01T20:25:59.321Z,"21km ENE of Honaunau-Napoopoo, Hawaii",earthquake,0.5,0.8,0.1,3,reviewed,hv,hv
2014-09-30T20:03:38.200Z,19.505,-155.7045,9.7,1,Md,,129.6,0,0.14,hv,hv60781181,2014-09-30T20:35:06.903Z,"17km ENE of Honaunau-Napoopoo, Hawaii",earthquake,0.6,0.8,0.1,4,reviewed,hv,hv
2014-09-30T16:56:37.200Z,19.4702,-155.6857,11.8,1,Md,,133.2,0.03593261,0.08,hv,hv60781086,2014-10-01T20:40:27.189Z,"18km E of Honaunau-Napoopoo, Hawaii",earthquake,0.5,0.9,0,4,reviewed,hv,hv
2014-09-29T15:31:21.800Z,19.4945,-155.6658,7.7,1.3,md,,107.999991360001,0.03593261,0.05,hv,hv60780236,2014-10-01T19:32:13.000Z,"21km ENE of Honaunau-Napoopoo, Hawaii",earthquake,1.2,2.2,0.3,2,reviewed,hv,hv
2014-09-29T12:35:37.200Z,19.5165,-155.6595,9.4,1.1,Md,,136.8,0.02694946,0.11,hv,hv60780166,2014-10-01T08:06:33.643Z,"22km ENE of Honaunau-Napoopoo, Hawaii",earthquake,0.8,1.4,0.3,2,reviewed,hv,hv
2014-09-29T12:10:27.600Z,19.4932,-155.6618,7.2,2.4,Ml,,61.2,0.03593261,0.09,hv,hv60780146,2014-09-29T18:10:35.814Z,"21km E of Honaunau-Napoopoo, Hawaii",earthquake,0.2,0.5,0.2,18,reviewed,hv,hv
2014-09-28T16:30:14.400Z,19.5007,-155.6283,14.6,1.1,Md,,79.2,0.03593261,0.13,hv,hv60779856,2014-09-29T06:23:05.158Z,"25km ENE of Honaunau-Napoopoo, Hawaii",earthquake,0.7,1.4,0.1,4,reviewed,hv,hv
2014-09-28T13:23:33.700Z,19.539,-155.6882,11.8,1.3,Md,,115.2,0.03593261,0.08,hv,hv60779591,2014-09-30T18:51:45.221Z,"20km ENE of Honaunau-Napoopoo, Hawaii",earthquake,1.2,0.7,0.1,2,reviewed,hv,hv
2014-09-24T06:06:44.900Z,19.2698,-155.6295,7.8,1.8,Md,,79.2,0.02694946,0.06,hv,hv60777171,2014-09-29T20:24:50.803Z,"17km WNW of Pahala, Hawaii",earthquake,0.6,0.9,0.1,5,reviewed,hv,hv
2014-09-21T16:42:42.300Z,19.4567,-155.6847,11.6,1,Md,,136.8,0.05389892,0.08,hv,hv60775951,2014-09-24T07:35:09.945Z,"18km E of Honaunau-Napoopoo, Hawaii",earthquake,0.6,1.1,0,5,reviewed,hv,hv
2014-09-21T15:16:17.000Z,19.4545,-155.6783,12.3,1,Md,,133.2,0.05389892,0.06,hv,hv60775921,2014-09-22T06:48:34.244Z,"19km E of Honaunau-Napoopoo, Hawaii",earthquake,0.6,1.1,0,4,reviewed,hv,hv
2014-09-21T07:18:11.300Z,19.5547,-155.6802,12.5,1.2,Md,,122.4,0.03593261,0.08,hv,hv60775776,2014-09-22T07:52:24.607Z,"22km ENE of Honaunau-Napoopoo, Hawaii",earthquake,0.9,0.6,0,3,reviewed,hv,hv
2014-09-20T17:30:39.300Z,19.4855,-155.6782,11,1.1,Md,,64.8,0.02694946,0.09,hv,hv60775286,2014-09-22T07:42:12.484Z,"19km E of Honaunau-Napoopoo, Hawaii",earthquake,0.4,0.8,0.1,8,reviewed,hv,hv
2014-09-20T12:01:57.800Z,19.555,-155.7358,14.5,1.3,md,,86.3999930880005,0.06288207,0.1,hv,hv60775196,2014-09-26T00:13:40.000Z,"17km NE of Honaunau-Napoopoo, Hawaii",earthquake,0.7,0.5,0.1,5,reviewed,hv,hv
2014-09-17T12:35:26.200Z,19.52,-155.6747,11,1.1,Md,,97.2,0.02694946,0.09,hv,hv60773216,2014-09-18T02:14:42.266Z,"21km ENE of Honaunau-Napoopoo, Hawaii",earthquake,0.6,0.7,0.1,6,reviewed,hv,hv
2014-09-09T07:34:11.100Z,19.5137,-155.7382,12.7,1.5,Md,,97.2,0.03593261,0.13,hv,hv60768681,2014-09-10T19:36:28.549Z,"14km ENE of Honaunau-Napoopoo, Hawaii",earthquake,0.5,0.5,0.1,13,reviewed,hv,hv
2014-09-01T12:05:39.000Z,19.5088,-155.6357,15.4,1.1,Md,,82.8,0.03593261,0.12,hv,hv60762191,2014-09-02T08:14:26.327Z,"24km ENE of Honaunau-Napoopoo, Hawaii",earthquake,0.7,0.9,0.1,6,reviewed,hv,hv
2014-08-31T04:35:33.900Z,19.4863,-155.7248,12.3,1.1,Md,,147.6,0.02694946,0.08,hv,hv60761636,2014-09-02T08:32:44.394Z,"15km ENE of Honaunau-Napoopoo, Hawaii",earthquake,0.5,0.8,0,6,reviewed,hv,hv
2014-08-30T17:54:20.700Z,19.4835,-155.6667,8.8,1,Md,,122.4,0.03593261,0.08,hv,hv60761306,2014-09-02T03:54:56.282Z,"21km E of Honaunau-Napoopoo, Hawaii",earthquake,0.5,1,0.1,8,reviewed,hv,hv
2014-08-30T09:57:55.000Z,19.4827,-155.7053,11.3,1,Md,,201.6,0.01796631,0.08,hv,hv60761206,2014-09-02T03:37:44.349Z,"16km E of Honaunau-Napoopoo, Hawaii",earthquake,0.9,1.4,0,4,reviewed,hv,hv
2014-08-23T19:12:40.500Z,19.2842,-155.7853,11.4,1.5,Md,,129.6,0.08084838,0.12,hv,hv60756021,2014-08-27T19:42:34.984Z,"20km SSE of Honaunau-Napoopoo, Hawaii",earthquake,0.5,0.4,0.1,14,reviewed,hv,hv
2014-08-22T15:50:35.700Z,19.5305,-155.6863,11.4,1.2,Md,,111.6,0.02694946,0.09,hv,hv60755291,2014-08-23T02:22:13.452Z,"20km ENE of Honaunau-Napoopoo, Hawaii",earthquake,0.5,0.7,0,6,reviewed,hv,hv
2014-08-18T09:10:06.600Z,19.479,-155.6953,11.6,1,Md,,136.8,0.02694946,0.04,hv,hv60752396,2014-08-23T00:29:28.623Z,"17km E of Honaunau-Napoopoo, Hawaii",earthquake,0.6,0.8,0,4,reviewed,hv,hv
2014-08-17T20:49:48.700Z,19.2917,-155.8377,10.6,1.5,Md,,118.8,0.04491576,0.14,hv,hv60752076,2014-08-19T00:25:38.187Z,"18km S of Honaunau-Napoopoo, Hawaii",earthquake,0.6,0.6,0.1,13,reviewed,hv,hv
2014-08-16T17:21:46.600Z,19.534,-155.6962,11.1,1.2,Md,,111.6,0.02694946,0.11,hv,hv60751491,2014-08-23T02:18:08.014Z,"19km ENE of Honaunau-Napoopoo, Hawaii",earthquake,0.5,0.7,0.1,6,reviewed,hv,hv
2014-07-26T01:38:35.610Z,19.4851667,-155.819,11.911,1.26,md,16,102,,0.13,hv,hv60739326,2020-07-06T20:53:19.230Z,"5 km ENE of Honaunau-Napoopoo, Hawaii",earthquake,0.69,0.5,0.022,7,reviewed,hv,hv
2014-07-20T14:45:27.000Z,19.4732,-155.8455,11.9,1.7,md,,97.1999922240006,0.07186522,0.22,hv,hv60735256,2014-07-20T14:48:41.000Z,"2km NE of Honaunau-Napoopoo, Hawaii",earthquake,0.5,0.5,0.1,7,automatic,hv,hv
2014-07-02T09:03:04.500Z,19.4885,-155.8025,12.2,1.7,Md,,108,0.09881468,0.17,hv,hv60724066,2014-07-02T21:56:34.753Z,"7km ENE of Honaunau-Napoopoo, Hawaii",earthquake,0.4,0.5,0,15,reviewed,hv,hv
2014-07-02T09:02:56.400Z,19.476,-155.8088,15.4,1.3,Md,,190.8,0.09881468,0.07,hv,hv60724061,2014-07-02T22:06:16.883Z,"6km ENE of Honaunau-Napoopoo, Hawaii",earthquake,1.1,1.7,0,3,reviewed,hv,hv
2014-06-18T23:57:49.900Z,19.523,-155.8012,13.6,1.3,md,,125.999989920001,0.09881468,0.1,hv,hv60716041,2014-06-20T00:30:55.000Z,"9km NE of Honaunau-Napoopoo, Hawaii",earthquake,0.9,0.7,0.1,5,reviewed,hv,hv
2014-06-17T03:26:02.600Z,19.494,-155.7767,13.6,1.3,Md,,82.8,0.07186522,0.15,hv,hv60715036,2014-06-17T21:22:47.222Z,"10km ENE of Honaunau-Napoopoo, Hawaii",earthquake,0.5,0.3,0.1,12,reviewed,hv,hv
2014-06-03T17:30:47.400Z,19.4528,-155.7118,14.1,1.1,Md,,151.2,0.05389892,0.08,hv,hv60706876,2014-06-03T21:10:47.542Z,"16km E of Honaunau-Napoopoo, Hawaii",earthquake,0.7,1,0.1,7,reviewed,hv,hv
2014-06-02T04:59:32.100Z,19.509,-155.7083,10.1,1,Md,,97.2,0.00898315,0.09,hv,hv60705656,2014-06-03T20:59:31.203Z,"17km ENE of Honaunau-Napoopoo, Hawaii",earthquake,0.4,0.7,0,5,reviewed,hv,hv
2014-05-31T09:12:43.500Z,19.5403,-155.6787,11.8,1.2,Md,,115.2,0.03593261,0.06,hv,hv60704931,2014-06-03T21:05:06.823Z,"21km ENE of Honaunau-Napoopoo, Hawaii",earthquake,0.8,0.9,0,5,reviewed,hv,hv
2014-05-30T06:35:47.200Z,19.4857,-155.667,10.3,2.2,Ml,,50.4,0.03593261,0.13,hv,hv60704421,2014-06-01T07:27:36.368Z,"21km E of Honaunau-Napoopoo, Hawaii",earthquake,0.3,0.5,0.2,12,reviewed,hv,hv
2014-05-20T18:23:27.400Z,19.5015,-155.6678,9,1,Md,,115.2,0.03593261,0.07,hv,hv60697551,2014-05-21T19:56:19.353Z,"21km ENE of Honaunau-Napoopoo, Hawaii",earthquake,1,1.8,0.1,5,reviewed,hv,hv
2014-05-16T20:49:09.700Z,19.384,-155.8315,9.9,1,Md,,126,0.12576414,0.09,hv,hv60694821,2014-05-17T02:04:06.833Z,"8km SSE of Honaunau-Napoopoo, Hawaii",earthquake,1,4.9,0,3,reviewed,hv,hv
2014-05-15T23:06:04.100Z,19.4843,-155.7342,12,1.1,Md,,151.2,0.03593261,0.06,hv,hv60694031,2014-05-21T20:10:43.288Z,"14km ENE of Honaunau-Napoopoo, Hawaii",earthquake,0.7,1.1,0,4,reviewed,hv,hv
2014-05-06T05:50:53.700Z,19.5637,-155.7222,11.2,1.5,Md,,68.4,0.06288207,0.14,hv,hv60684241,2014-05-06T21:00:18.198Z,"19km NE of Honaunau-Napoopoo, Hawaii",earthquake,0.5,0.4,0.2,18,reviewed,hv,hv
2014-04-29T23:58:09.000Z,19.3612,-155.811,13.8,1.7,Md,,111.6,0.10779783,0.12,hv,hv60680481,2014-04-30T03:10:46.730Z,"11km SSE of Honaunau-Napoopoo, Hawaii",earthquake,0.4,0.3,0.1,17,reviewed,hv,hv
2014-04-29T00:16:16.600Z,19.5097,-155.7023,10.8,1.1,Md,,237.6,0.00898315,0.07,hv,hv60679951,2014-04-30T01:21:59.724Z,"18km ENE of Honaunau-Napoopoo, Hawaii",earthquake,1.1,1.2,0.1,3,reviewed,hv,hv
2014-04-28T23:55:00.000Z,19.4935,-155.6938,8.3,1.2,Md,,108,0.01796631,0.12,hv,hv60679941,2014-04-30T01:48:22.613Z,"18km ENE of Honaunau-Napoopoo, Hawaii",earthquake,0.4,0.8,0.2,9,reviewed,hv,hv
2014-04-28T23:38:30.900Z,19.4997,-155.7018,10.1,1.5,Md,,61.2,0.00898315,0.11,hv,hv60679931,2014-07-14T20:11:22.000Z,"17km ENE of Honaunau-Napoopoo, Hawaii",earthquake,0.3,0.6,0.1,17,reviewed,hv,hv
2014-04-20T01:05:47.500Z,19.341,-155.8248,12.8,1.8,Md,,122.4,0.08983153,0.12,hv,hv60675241,2014-04-21T21:52:17.847Z,"13km SSE of Honaunau-Napoopoo, Hawaii",earthquake,0.4,0.3,0.1,19,reviewed,hv,hv
2014-04-20T00:21:15.300Z,19.326,-155.8073,12.2,1.7,Md,,133.2,0.08983153,0.19,hv,hv60675231,2014-04-20T00:24:30.715Z,"15km SSE of Honaunau-Napoopoo, Hawaii",earthquake,0.5,0.5,0.1,9,automatic,hv,hv
2014-04-17T23:42:53.600Z,19.2903,-155.7823,10.2,1.3,Md,,136.8,0.08983153,0.12,hv,hv60674196,2014-04-18T00:16:37.686Z,"20km SSE of Honaunau-Napoopoo, Hawaii",earthquake,0.5,1.2,0.2,13,reviewed,hv,hv
2014-04-17T20:34:28.700Z,19.5147,-155.7217,11.3,1.2,Md,,129.6,0.01796631,0.12,hv,hv60674126,2014-04-17T21:48:55.148Z,"16km ENE of Honaunau-Napoopoo, Hawaii",earthquake,0.5,0.4,0.1,10,reviewed,hv,hv
2014-04-15T19:53:33.500Z,19.4973,-155.7003,8.9,1.1,Md,,82.8,0.00898315,0.08,hv,hv60673311,2014-04-15T23:41:04.556Z,"17km ENE of Honaunau-Napoopoo, Hawaii",earthquake,0.4,0.6,0.1,7,reviewed,hv,hv
2014-04-15T13:31:18.700Z,19.4898,-155.7005,9.1,2.5,Ml,,54,0.01796631,0.14,hv,hv60673211,2014-07-01T02:38:10.000Z,"17km ENE of Honaunau-Napoopoo, Hawaii",earthquake,0.3,0.5,0.2,21,reviewed,hv,hv
2014-04-14T07:24:50.400Z,19.505,-155.6935,9.7,1.1,Md,,118.8,0.00898315,0.07,hv,hv60672656,2014-04-15T17:53:50.873Z,"18km ENE of Honaunau-Napoopoo, Hawaii",earthquake,0.6,0.8,0.1,3,reviewed,hv,hv
2014-04-13T05:56:46.500Z,19.4877,-155.7162,11.9,1.2,Md,,144,0.01796631,0.1,hv,hv60672211,2014-04-15T17:40:28.210Z,"15km ENE of Honaunau-Napoopoo, Hawaii",earthquake,0.5,0.8,0.1,3,reviewed,hv,hv
2014-04-12T17:48:38.300Z,19.4962,-155.6892,8.7,1.9,Ml,,79.2,0.01796631,0.13,hv,hv60671926,2014-04-14T21:07:19.411Z,"18km ENE of Honaunau-Napoopoo, Hawaii",earthquake,0.4,0.7,0.2,6,reviewed,hv,hv
2014-04-09T13:44:00.200Z,19.492,-155.6872,8.1,1,Md,,79.2,0.01796631,0.09,hv,hv60669856,2014-04-15T17:49:40.449Z,"19km ENE of Honaunau-Napoopoo, Hawaii",earthquake,0.5,0.8,0.1,4,reviewed,hv,hv
2014-04-09T13:32:15.100Z,19.4903,-155.6955,8.6,2.7,Ml,,54,0.01796631,0.16,hv,hv60669851,2014-07-01T02:37:52.000Z,"18km ENE of Honaunau-Napoopoo, Hawaii",earthquake,0.3,0.5,0.2,23,reviewed,hv,hv
2014-04-09T13:31:54.000Z,19.4923,-155.6882,8.3,1.1,Md,,82.8,0.01796631,0.11,hv,hv60669846,2014-04-09T22:00:26.879Z,"18km ENE of Honaunau-Napoopoo, Hawaii",earthquake,0.3,0.8,0.3,11,reviewed,hv,hv
2014-04-08T07:50:25.800Z,19.5,-155.688,9.6,1.1,Md,,118.8,0.01796631,0.07,hv,hv60669436,2014-04-14T19:00:40.257Z,"19km ENE of Honaunau-Napoopoo, Hawaii",earthquake,0.6,1.2,0,2,reviewed,hv,hv
2014-04-08T03:29:19.600Z,19.5017,-155.6882,9.8,1,Md,,111.6,0.01796631,0.08,hv,hv60669321,2014-04-08T20:38:07.296Z,"19km ENE of Honaunau-Napoopoo, Hawaii",earthquake,0.4,0.5,0.1,7,reviewed,hv,hv
2014-04-07T23:19:27.400Z,19.4997,-155.6898,9.2,1.1,Md,,82.8,0.00898315,0.08,hv,hv60669226,2014-04-08T00:21:07.560Z,"18km ENE of Honaunau-Napoopoo, Hawaii",earthquake,0.4,0.7,0.1,6,reviewed,hv,hv
2014-04-07T22:40:49.500Z,19.5,-155.6962,9.7,1.5,Md,,104.4,0.00898315,0.13,hv,hv60669201,2014-04-08T01:07:32.941Z,"18km ENE of Honaunau-Napoopoo, Hawaii",earthquake,0.3,0.5,0.1,17,reviewed,hv,hv
2014-04-07T12:21:01.000Z,19.4927,-155.6933,8.7,1.1,Md,,82.8,0.01796631,0.08,hv,hv60669026,2014-04-07T18:06:52.499Z,"18km ENE of Honaunau-Napoopoo, Hawaii",earthquake,0.5,0.8,0,3,reviewed,hv,hv
2014-04-07T11:09:01.900Z,19.4898,-155.6847,7.4,1,Md,,126,0.01796631,0.12,hv,hv60669006,2014-04-07T18:01:46.921Z,"19km E of Honaunau-Napoopoo, Hawaii",earthquake,0.5,0.9,0.1,3,reviewed,hv,hv
2014-04-07T10:49:09.700Z,19.503,-155.6948,10.3,2.1,Ml,,115.2,0.00898315,0.1,hv,hv60668996,2014-04-08T21:01:59.923Z,"18km ENE of Honaunau-Napoopoo, Hawaii",earthquake,0.3,0.5,0.1,11,reviewed,hv,hv
2014-04-07T10:15:21.700Z,19.4952,-155.69,8.5,1,Md,,79.2,0.01796631,0.08,hv,hv60668981,2014-04-07T17:20:31.117Z,"18km ENE of Honaunau-Napoopoo, Hawaii",earthquake,0.5,0.8,0.1,5,reviewed,hv,hv
2014-04-07T07:45:25.000Z,19.5012,-155.6927,9.4,1,Md,,118.8,0.00898315,0.07,hv,hv60668911,2014-04-07T17:15:24.407Z,"18km ENE of Honaunau-Napoopoo, Hawaii",earthquake,0.6,0.8,0.1,4,reviewed,hv,hv
2014-04-07T07:43:59.900Z,19.4975,-155.6957,9.1,1,Md,,129.6,0.00898315,0.08,hv,hv60668906,2014-04-07T17:25:06.690Z,"18km ENE of Honaunau-Napoopoo, Hawaii",earthquake,0.5,0.9,0.1,4,reviewed,hv,hv
2014-04-06T09:55:30.100Z,19.4977,-155.6938,9.2,1.1,Md,,140.4,0.00898315,0.06,hv,hv60668341,2014-04-07T18:13:58.403Z,"18km ENE of Honaunau-Napoopoo, Hawaii",earthquake,1.3,1.4,0,3,reviewed,hv,hv
2014-04-06T09:53:53.200Z,19.4942,-155.6902,8.6,1,Md,,79.2,0.01796631,0.1,hv,hv60236078,2020-07-06T20:41:18.780Z,"18km ENE of Honaunau-Napoopoo, Hawaii",earthquake,0.4,0.7,0.1,6,reviewed,hv,hv
2014-04-06T09:53:24.500Z,19.4942,-155.687,8.4,1.2,Md,,104.4,0.01796631,0.09,hv,hv60668336,2014-04-07T17:56:06.127Z,"19km ENE of Honaunau-Napoopoo, Hawaii",earthquake,0.4,0.7,0.2,9,reviewed,hv,hv
2014-04-02T14:56:49.600Z,19.5605,-155.6297,7.9,1.4,Md,,154.8,0.02694946,0.1,hv,hv60666426,2014-04-03T18:01:55.979Z,"27km ENE of Honaunau-Napoopoo, Hawaii",earthquake,0.6,0.9,0.2,11,reviewed,hv,hv
2014-04-02T03:01:31.200Z,19.4785,-155.696,12.1,1.1,Md,,136.8,0.02694946,0.07,hv,hv60666111,2014-04-07T17:31:12.347Z,"17km E of Honaunau-Napoopoo, Hawaii",earthquake,0.5,0.7,0.1,6,reviewed,hv,hv
2014-03-30T09:29:24.900Z,19.475,-155.6378,15.7,1.1,Md,,68.4,0.03593261,0.12,hv,hv60664411,2014-03-31T18:13:40.717Z,"23km E of Honaunau-Napoopoo, Hawaii",earthquake,0.6,0.9,0.1,4,reviewed,hv,hv
2014-03-15T20:44:28.800Z,19.2907,-155.8055,15.9,1.2,Md,,144,0.06288207,0.14,hv,hv60656576,2014-03-19T00:09:40.863Z,"19km SSE of Honaunau-Napoopoo, Hawaii",earthquake,1.1,1.3,0.1,3,reviewed,hv,hv
2014-03-15T04:35:47.600Z,19.5057,-155.8012,11.1,1.9,md,,64.7999948160004,0.08983153,0.26,hv,hv60656261,2014-03-15T04:38:51.000Z,"8km NE of Honaunau-Napoopoo, Hawaii",earthquake,0.5,0.6,0.2,12,automatic,hv,hv
2014-03-15T01:12:05.000Z,19.4938,-155.7938,11,2.5,Ml,,68.4,0.08983153,0.13,hv,hv60656216,2014-05-16T21:51:41.000Z,"8km ENE of Honaunau-Napoopoo, Hawaii",earthquake,0.3,0.4,0.2,17,reviewed,hv,hv
2014-03-09T22:02:08.200Z,19.4842,-155.843,15.8,1.4,Md,,201.6,0.11678099,0.07,hv,hv60652621,2014-03-10T18:02:45.320Z,"3km NE of Honaunau-Napoopoo, Hawaii",earthquake,1.3,0.9,0.1,4,reviewed,hv,hv
2014-02-27T01:27:08.000Z,19.275,-155.7852,9.6,1.6,Md,,115.2,0.08084838,0.14,hv,hv60648056,2014-02-27T01:59:07.066Z,"21km SSE of Honaunau-Napoopoo, Hawaii",earthquake,0.7,1.4,0.1,6,reviewed,hv,hv
2014-02-17T07:11:04.300Z,19.5182,-155.6745,10.6,1.1,Md,,79.2,0.02694946,0.11,hv,hv60642456,2014-02-18T17:23:57.207Z,"21km ENE of Honaunau-Napoopoo, Hawaii",earthquake,0.5,0.7,0.1,9,reviewed,hv,hv
2014-02-15T21:31:40.200Z,19.5045,-155.8225,14,1.7,Md,,180,0.10779783,0.09,hv,hv60641741,2014-02-19T17:31:31.310Z,"6km NE of Honaunau-Napoopoo, Hawaii",earthquake,1.3,0.5,0.5,2,reviewed,hv,hv
2014-02-13T09:00:38.500Z,19.5323,-155.6428,10.8,1.5,Md,,100.8,0.00898315,0.08,hv,hv60235878,2020-07-06T20:40:11.230Z,"24km ENE of Honaunau-Napoopoo, Hawaii",earthquake,0.8,0.9,0.4,2,reviewed,hv,hv
2014-02-13T08:41:04.600Z,19.532,-155.6478,11,1,Md,,97.2,0.00898315,0.09,hv,hv60640541,2014-02-14T17:17:38.695Z,"24km ENE of Honaunau-Napoopoo, Hawaii",earthquake,0.9,1.1,0,3,reviewed,hv,hv
2014-02-11T04:55:33.500Z,19.5277,-155.696,12.1,1.2,Md,,108,0.02694946,0.1,hv,hv60639441,2014-02-11T17:18:17.170Z,"19km ENE of Honaunau-Napoopoo, Hawaii",earthquake,0.6,0.8,0.1,5,reviewed,hv,hv
2014-02-09T16:41:37.600Z,19.4575,-155.706,11.6,1.1,Md,,93.6,0.04491576,0.11,hv,hv60638416,2014-02-10T17:58:13.123Z,"16km E of Honaunau-Napoopoo, Hawaii",earthquake,0.5,1.2,0.2,5,reviewed,hv,hv
2014-02-04T14:49:13.200Z,19.4652,-155.7378,12.7,1.1,Md,,158.4,0.05389892,0.09,hv,hv60635776,2014-02-04T22:17:20.005Z,"13km E of Honaunau-Napoopoo, Hawaii",earthquake,0.6,0.8,0,4,reviewed,hv,hv
2014-02-02T04:58:09.600Z,19.4918,-155.6515,8,1,Md,,100.8,0.05389892,0.08,hv,hv60235678,2020-07-06T20:39:51.420Z,"22km E of Honaunau-Napoopoo, Hawaii",earthquake,0.6,1.3,0.1,5,reviewed,hv,hv
2014-01-24T05:29:14.600Z,19.4727,-155.7887,10.9,1.5,Md,,104.4,0.08983153,0.14,hv,hv60629776,2014-01-24T22:33:58.523Z,"8km ENE of Honaunau-Napoopoo, Hawaii",earthquake,0.5,0.7,0.1,12,reviewed,hv,hv
2013-12-31T00:16:59.500Z,19.2905,-155.8152,8.7,2,md,,104.399991648001,0.05389892,0.38,hv,hv60613121,2013-12-31T00:20:19.000Z,"19km SSE of Honaunau-Napoopoo, Hawaii",earthquake,0.6,1,0.2,9,automatic,hv,hv
2013-12-26T04:34:20.000Z,19.4922,-155.7192,8.5,2.2,Ml,,61.2,0.01796631,0.34,hv,hv60610571,2013-12-27T01:32:14.277Z,"15km ENE of Honaunau-Napoopoo, Hawaii",earthquake,0.6,0.8,0.2,4,automatic,hv,hv
2013-12-07T07:29:41.400Z,19.497,-155.695,11.5,1.1,Md,,129.6,0.00898315,0.08,hv,hv60602326,2013-12-10T16:40:41.223Z,"18km ENE of Honaunau-Napoopoo, Hawaii",earthquake,0.6,0.7,0.1,5,reviewed,hv,hv
2013-12-02T16:45:01.200Z,19.4905,-155.662,10.4,1,Md,,68.4,0.04491576,0.07,hv,hv60600516,2013-12-02T17:37:09.247Z,"21km E of Honaunau-Napoopoo, Hawaii",earthquake,0.4,0.7,0.1,6,reviewed,hv,hv
2013-11-21T20:01:41.800Z,19.4597,-155.818,14.6,1.3,Md,,205.2,0.11678099,0.09,hv,hv60594841,2013-11-22T21:20:48.895Z,"4km E of Honaunau-Napoopoo, Hawaii",earthquake,1.1,0.6,0,4,reviewed,hv,hv
2013-11-10T15:49:01.700Z,19.4788,-155.7332,11.5,1.4,Md,,194.4,0.03593261,0.09,hv,hv60589786,2013-11-15T18:19:20.792Z,"14km E of Honaunau-Napoopoo, Hawaii",earthquake,0.8,0.8,0.2,2,reviewed,hv,hv
2013-10-25T04:40:01.000Z,19.5065,-155.8017,11.4,2,Ml,,111.6,0.08983153,0.19,hv,hv60581661,2013-10-25T04:45:49.658Z,"8km NE of Honaunau-Napoopoo, Hawaii",earthquake,0.5,0.4,0.2,4,automatic,hv,hv
2013-10-12T23:51:11.500Z,19.5595,-155.735,13.9,1.2,Md,,136.8,0.06288207,0.09,hv,hv60575246,2013-10-18T20:47:31.600Z,"17km NE of Honaunau-Napoopoo, Hawaii",earthquake,0.9,0.7,0.1,4,reviewed,hv,hv
2013-10-04T10:40:39.600Z,19.514,-155.7002,11.1,1.8,Ml,,97.2,0.00898315,0.11,hv,hv60571471,2013-10-04T21:05:13.288Z,"18km ENE of Honaunau-Napoopoo, Hawaii",earthquake,0.5,0.6,0.1,4,reviewed,hv,hv
2013-10-03T13:53:16.900Z,19.5172,-155.6703,7.6,1.1,Md,,158.4,0.03593261,0.03,hv,hv60571056,2013-10-04T07:32:58.681Z,"21km ENE of Honaunau-Napoopoo, Hawaii",earthquake,1.4,1.2,0,2,reviewed,hv,hv
2013-09-14T17:15:55.500Z,19.4968,-155.6723,7.1,1,Md,,97.2,0.02694946,0.09,hv,hv60561386,2013-09-15T08:37:32.416Z,"20km ENE of Honaunau-Napoopoo, Hawaii",earthquake,0.4,1,0.1,7,reviewed,hv,hv
2013-09-14T09:48:52.100Z,19.451,-155.685,11.9,1.1,Md,,82.8,0.05389892,0.09,hv,hv60561311,2013-09-15T08:54:19.396Z,"18km E of Honaunau-Napoopoo, Hawaii",earthquake,0.4,0.9,0.1,8,reviewed,hv,hv
2013-09-10T20:39:24.000Z,19.4843,-155.6285,16.5,2.3,Ml,,50.4,0.02694946,0.1,hv,hv60558961,2013-09-12T01:04:51.325Z,"24km E of Honaunau-Napoopoo, Hawaii",earthquake,0.4,0.4,0.2,11,reviewed,hv,hv
2013-09-07T04:36:40.400Z,19.4798,-155.6468,7.3,2.4,Ml,,68.4,0.04491576,0.11,hv,hv60556971,2013-09-07T09:22:14.127Z,"23km E of Honaunau-Napoopoo, Hawaii",earthquake,0.4,0.7,0.2,23,reviewed,hv,hv
2013-09-07T03:16:07.800Z,19.5082,-155.7067,9.5,1,Md,,129.6,0.00898315,0.11,hv,hv60556931,2013-09-07T09:44:16.653Z,"17km ENE of Honaunau-Napoopoo, Hawaii",earthquake,0.5,0.8,0.1,4,reviewed,hv,hv
2013-09-05T12:33:42.500Z,19.4835,-155.6495,7.6,1.1,Md,,104.4,0.05389892,0.09,hv,hv60555616,2013-09-05T17:52:02.128Z,"22km E of Honaunau-Napoopoo, Hawaii",earthquake,0.4,1,0.1,6,reviewed,hv,hv
2013-09-05T08:17:42.400Z,19.483,-155.6448,7.1,1.1,Md,,82.8,0.04491576,0.09,hv,hv60555556,2013-09-07T01:53:39.380Z,"23km E of Honaunau-Napoopoo, Hawaii",earthquake,0.4,0.8,0.2,7,reviewed,hv,hv
2013-09-05T07:20:29.700Z,19.4815,-155.6483,7.6,1.7,Ml,,68.4,0.04491576,0.1,hv,hv60555526,2013-09-05T18:07:13.872Z,"22km E of Honaunau-Napoopoo, Hawaii",earthquake,0.4,0.8,0.1,5,reviewed,hv,hv
2013-09-05T05:21:16.400Z,19.4823,-155.6478,7.8,1.1,Md,,104.4,0.04491576,0.09,hv,hv60555356,2013-09-05T18:30:11.517Z,"22km E of Honaunau-Napoopoo, Hawaii",earthquake,0.4,0.9,0.1,7,reviewed,hv,hv
2013-08-29T08:03:09.700Z,19.4812,-155.6845,11.1,1,Md,,129.6,0.02694946,0.06,hv,hv60550951,2013-08-29T22:26:02.177Z,"19km E of Honaunau-Napoopoo, Hawaii",earthquake,0.5,0.7,0.1,3,reviewed,hv,hv
2013-08-29T05:52:10.600Z,19.3608,-155.8287,12.4,2.1,Ml,,126,0.10779783,0.22,hv,hv60550931,2013-08-29T05:57:50.707Z,"11km SSE of Honaunau-Napoopoo, Hawaii",earthquake,0.4,0.5,0.6,4,automatic,hv,hv
2013-08-28T07:31:04.200Z,19.5035,-155.7673,9.8,1.5,Ml,,86.4,0.06288207,0.14,hv,hv60550336,2013-08-28T20:21:45.020Z,"11km ENE of Honaunau-Napoopoo, Hawaii",earthquake,0.6,0.9,0.1,4,reviewed,hv,hv
2013-08-18T20:07:26.200Z,19.5203,-155.7327,10.5,1.8,Md,,54,0.03593261,0.29,hv,hv60525282,2013-08-18T20:10:37.950Z,"15km ENE of Honaunau-Napoopoo, Hawaii",earthquake,0.5,0.9,0.2,12,automatic,hv,hv
2013-08-15T20:31:39.100Z,19.2962,-155.7967,12.9,2.5,Ml,,79.2,0.07186522,0.14,hv,hv60523662,2013-10-19T02:41:44.000Z,"19km SSE of Honaunau-Napoopoo, Hawaii",earthquake,0.4,0.6,0.1,14,reviewed,hv,hv
2013-08-01T08:07:29.100Z,19.4393,-155.8178,10.4,2.8,Ml,,100.8,0.10779783,0.14,hv,hv60535396,2013-09-25T17:45:49.000Z,"5km ESE of Honaunau-Napoopoo, Hawaii",earthquake,0.5,0.7,0.2,32,reviewed,hv,hv
2013-07-18T09:19:20.600Z,19.451,-155.8418,10.2,2.2,Ml,,111.6,0.08084838,0.12,hv,hv60528166,2013-07-20T06:13:41.418Z,"2km ESE of Honaunau-Napoopoo, Hawaii",earthquake,0.4,0.5,0.1,14,reviewed,hv,hv
2013-07-06T06:56:32.900Z,19.2995,-155.7838,8.1,1.8,Md,,82.8,0.08983153,0.29,hv,hv60522501,2013-07-06T07:00:04.242Z,"19km SSE of Honaunau-Napoopoo, Hawaii",earthquake,0.5,1.2,0.2,12,automatic,hv,hv
2013-06-27T15:35:41.400Z,19.3437,-155.795,10.9,1.7,Md,,100.8,0.10779783,0.19,hv,hv60500547,2013-06-27T15:39:03.941Z,"14km SSE of Honaunau-Napoopoo, Hawaii",earthquake,0.4,0.7,0.1,7,automatic,hv,hv
2013-06-15T07:03:44.800Z,19.541,-155.6593,7.4,1.1,Md,,104.4,0.01796631,0.1,hv,hv60511791,2013-06-16T19:45:19.659Z,"23km ENE of Honaunau-Napoopoo, Hawaii",earthquake,0.5,0.7,0.1,7,reviewed,hv,hv
2013-06-15T06:08:13.800Z,19.5425,-155.6573,7.7,1,Md,,118.8,0.00898315,0.09,hv,hv60511756,2013-06-18T01:19:38.135Z,"23km ENE of Honaunau-Napoopoo, Hawaii",earthquake,0.5,0.6,0.1,6,reviewed,hv,hv
2013-06-15T06:04:51.400Z,19.5483,-155.6817,8,1,Md,,291.6,0.03593261,0.08,hv,hv60511751,2013-06-18T01:21:43.416Z,"21km ENE of Honaunau-Napoopoo, Hawaii",earthquake,2.1,0.8,0,3,reviewed,hv,hv
2013-06-12T15:12:11.300Z,19.3513,-155.8037,15.5,3.2,Ml,,61.2,0.07186522,0.11,hv,hv60510971,2015-01-30T11:56:20.846Z,"13km SSE of Honaunau-Napoopoo, Hawaii",earthquake,0.3,0.4,0.2,46,reviewed,hv,hv
2013-06-06T00:50:16.300Z,19.5192,-155.822,15.7,1.9,Md,,122.4,0.09881468,0.04,hv,hv60508896,2013-06-06T00:52:05.358Z,"8km NNE of Honaunau-Napoopoo, Hawaii",earthquake,1.2,1.3,0.1,5,automatic,hv,hv
2013-05-14T00:37:58.300Z,19.5163,-155.7768,10.2,2.2,Md,,100.8,0.12576414,0.14,hv,hv60499406,2013-05-14T00:39:44.373Z,"11km NE of Honaunau-Napoopoo, Hawaii",earthquake,0.6,1,0.2,11,automatic,hv,hv
2013-04-28T17:20:36.400Z,19.2965,-155.7908,7.5,1.8,Md,,144,0.08084838,0.13,hv,hv60494121,2013-04-28T17:22:33.320Z,"19km SSE of Honaunau-Napoopoo, Hawaii",earthquake,0.6,1.5,0.1,9,automatic,hv,hv
2013-04-13T15:01:03.800Z,19.4788,-155.7817,13.5,1.9,Md,,72,0.12576414,0.19,hv,hv60489021,2013-04-13T15:02:53.850Z,"9km ENE of Honaunau-Napoopoo, Hawaii",earthquake,0.5,0.8,0.2,10,automatic,hv,hv
2013-03-13T16:41:12.800Z,19.2557,-155.6787,13.8,2.9,Ml,,54,0.06288207,0.1,hv,hv60477546,2014-11-07T01:50:20.187Z,"21km WNW of Pahala, Hawaii",earthquake,0.3,0.2,0.2,34,reviewed,hv,hv
2013-03-05T19:04:32.900Z,19.5288,-155.7085,11.5,2.6,Ml,,50.4,0.06288207,0.11,hv,hv60475141,2014-11-07T01:50:18.037Z,"17km ENE of Honaunau-Napoopoo, Hawaii",earthquake,0.4,0.3,0.2,28,reviewed,hv,hv
2013-02-23T10:29:04.600Z,19.5007,-155.7013,12.9,2,Ml,,158.4,0.07186522,0.1,hv,hv60453612,2013-02-28T20:21:46.170Z,"17km ENE of Honaunau-Napoopoo, Hawaii",earthquake,0.5,1.2,0,2,reviewed,hv,hv
2013-02-14T21:53:45.300Z,19.431,-155.843,10,2.6,Ml,,118.8,0.08983153,0.15,hv,hv60450057,2013-02-14T22:00:08.837Z,"3km SE of Honaunau-Napoopoo, Hawaii",earthquake,0.5,0.5,0.2,10,automatic,hv,hv
2012-10-24T11:29:59.290Z,19.498,-155.78,10.1,2.7,md,24,152.6,,,us,usp000jud2,2014-11-07T01:49:08.394Z,"Hawaii region, Hawaii",earthquake,,,,,reviewed,hvo,hvo
2012-10-13T11:04:52.900Z,19.498,-155.8,11.7,2.6,md,17,194.2,,,us,usp000jtxv,2014-11-07T01:49:05.005Z,"Hawaii region, Hawaii",earthquake,,,,,reviewed,hvo,hvo
2012-08-27T02:17:34.150Z,19.3408333,-155.8296667,11.987,2.3,ml,9,85,,0.09,hv,hv60388086,2020-07-06T20:52:24.340Z,"13 km SSE of Honaunau-Napoopoo, Hawaii",earthquake,0.76,1.39,0.224,35,reviewed,hv,hv
2012-06-19T07:54:29.560Z,19.4314995,-155.7740021,7.519,2.67,md,35,84,,0.14,hv,hv60362231,2020-07-06T20:29:08.400Z,"9 km ESE of Honaunau-Napoopoo, Hawaii",earthquake,0.44,0.61,0.14,28,automatic,hv,hv
2012-02-21T17:21:15.760Z,19.305,-155.7921667,9.341,3.18,ml,40,87,,0.12,hv,hv60312656,2020-07-06T20:28:12.850Z,"18 km SSE of Honaunau-Napoopoo, Hawaii",earthquake,0.38,0.35,0.204,53,reviewed,hv,hv
2011-11-19T21:08:02.660Z,19.5225,-155.6561667,7.55,1.1,md,17,103,0.02182,0.09,hv,hv60285236,2019-07-03T21:09:42.600Z,"23km ENE of Honaunau-Napoopoo, Hawaii",earthquake,0.47,0.69,0.193,17,reviewed,hv,hv
2011-07-19T15:09:42.290Z,19.31,-155.784,12.1,2.6,ml,5,192,,,us,usp000j55q,2020-07-06T20:23:07.050Z,"Hawaii region, Hawaii",earthquake,,,,,reviewed,hvo,hvo
2011-06-17T12:12:37.300Z,19.3885,-155.7593333,9.727,1.26,md,8,127,,0.07,hv,hv60242411,2020-07-06T20:24:17.380Z,"13 km SE of Honaunau-Napoopoo, Hawaii",earthquake,0.73,1.62,0.08,18,reviewed,hv,hv
2011-05-21T04:45:30.970Z,19.2885,-155.7718333,8.277,3,ml,36,141,,0.11,hv,hv60236651,2020-07-06T20:21:57.440Z,"20 km SSE of Honaunau-Napoopoo, Hawaii",earthquake,0.53,0.48,0.137,18,reviewed,hv,hv
2011-02-20T23:03:12.090Z,19.4655,-155.6901667,7.592,1.4,md,17,132,,0.1,hv,hv60215406,2020-07-06T20:24:18.150Z,"18 km E of Honaunau-Napoopoo, Hawaii",earthquake,0.68,1.35,0.202,11,reviewed,hv,hv
2011-02-11T19:22:03.800Z,19.5566667,-155.8283333,9.096,1.73,ml,21,225,,0.12,hv,hv60212746,2020-07-06T20:24:33.150Z,"10 km ENE of Kealakekua, Hawaii",earthquake,1.92,0.49,0.127,10,reviewed,hv,hv
2011-01-30T20:47:12.280Z,19.2758333,-155.7948333,7.984,2.15,ml,30,94,,0.09,hv,hv60209716,2020-07-06T20:21:55.570Z,"21 km SSE of Honaunau-Napoopoo, Hawaii",earthquake,0.46,0.53,0.162,28,reviewed,hv,hv
2011-01-30T18:00:38.430Z,19.339,-155.793,10.121,1.58,ml,23,98,,0.1,hv,hv60209706,2020-07-06T20:21:55.290Z,"15 km SSE of Honaunau-Napoopoo, Hawaii",earthquake,0.63,0.6,0.224,2,reviewed,hv,hv
2011-01-19T15:36:25.090Z,19.366,-155.6505,9.178,3.15,ml,30,52,,0.08,hv,hv60207336,2020-07-06T20:21:47.980Z,"24 km ESE of Honaunau-Napoopoo, Hawaii",earthquake,0.34,0.42,0.264,18,reviewed,hv,hv
